period,bulk_capesize_182k_nb_usdm,bulk_panamax_76k_nb_usdm,bulk_ultramax_63k_nb_usdm,bulk_handysize_28k_nb_usdm,bulk_handysize_40k_nb_usdm,scrap_fareast_capesize_usdldt,scrap_india_capesize_usdldt,scrap_fareast_handysize_usdldt,scrap_india_handymax_usdldt,bulk_capesize_scrap_usdm,bulk_panamax_scrap_usdm,bulk_handysize_scrap_usdm,bulk_capesize_180k_5yr_usdm,bulk_capesize_182k_10yr_usdm,bulk_panamax_76k_5yr_usdm,bulk_kamsarmax_82k_10yr_usdm,bulk_supramax_58k_5yr_usdm,bulk_ultramax_61k_10yr_usdm,bulk_handysize_38k_5yr_usdm,bulk_handysize_37k_10yr_usdm,bulk_capesize_177k_20yr_usdm,bulk_capesize_180k_15yr_usdm,bulk_kamsarmax_82k_15yr_usdm,bulk_panamax_76k_20yr_usdm,bulk_supramax_56k_3yr_usdm,bulk_supramax_56k_15yr_usdm,bulk_supramax_56k_20yr_usdm,bulk_handysize_33k_15yr_usdm,bulk_handysize_32k_20yr_usdm,bulk_capesize_orderbook_no,scrap_bangladesh_capesize_usdldt,scrap_bangladesh_handymax_usdldt,bulk_capesize_182k_resale_usdm,bulk_panamax_76k_resale_usdm,bulk_ultramax_63k_resale_usdm,bulk_handysize_40k_resale_usdm,bulk_capesize_120k_nb_usdm,bulk_panamax_95k_nb_usdm,bulk_kamsarmax_82k_nb_usdm,bulk_handymax_scrap_usdm,bulk_kamsarmax_82k_resale_usdm,bulk_capesize_orderbook_pct,bulk_newcastlemax_210k_nb_usdm,bulk_capesize_hist_5yr_usdm,bulk_kamsarmax_82k_5yr_usdm,bulk_ultramax_63k_5yr_usdm,scrap_bangladesh_panamax_usdldt,scrap_india_panamax_usdldt,scrap_pakistan_capesize_usdldt,scrap_pakistan_handymax_usdldt,scrap_pakistan_panamax_usdldt,bulk_newcastlemax_210k_resale_usdm,bulk_panamax_hist_5yr_usdm,bulk_handymax_hist_5yr_usdm,bulk_newcastlemax_208k_10yr_usdm
Q1-1976,,14.5,,10,11.25,,,,,,,,,,8.5,,,,6.75,,,,,,,,,,,,,,,,,,,,,,,,,,,,,,,,,,8.5,,
Q2-1976,,14.5,,9,10.75,,,,,,,,,,9,,,,7,,,,,,,,,,,,,,,,,,,,,,,,,,,,,,,,,,9,,
Q3-1976,,14.5,,9.1,10.6,,,,,,,,,,9,,,,7,,,,,,,,,,,,,,,,,,,,,,,,,,,,,,,,,,9,,
Q4-1976,,13.5,,9,10.6,,,,,,,,,,9,,,,6.5,,,,,,,,,,,,,,,,,,,,,,,,,,,,,,,,,,9,,
Q1-1977,,14.3,,9.8,11.3,,,,,,,,,,7.5,,,,6,,,,,,,,,,,,,,,,,,,,,,,,,,,,,,,,,,7.5,,
Q2-1977,,14.8,,9.75,12,,,,,,,,,,7.2,,,,5.5,,,,,,,,,,,,,,,,,,,,,,,,,,,,,,,,,,7.2,,
Q3-1977,,14.8,,9.75,12,,,,,,,,,,6.75,,,,5,,,,,,,,,,,,,,,,,,,,,,,,,,,,,,,,,,6.75,,
Q4-1977,,15.6,,10.1,12.3,,,,,,,,,,6,,,,5,,,,,,,,,,,,,,,,,,,,,,,,,,,,,,,,,,6,,
Q1-1978,,15.8,,10.2,11.6,,,,,,,,,,5,,,,4.3,,,,,,,,,,,,,,,,,,,,,,,,,,,,,,,,,,5,,
Q2-1978,,17.5,,11.4,13.1,,,,,,,,,,6.5,,,,4.6,,,,,,,,,,,,,,,,,,,,,,,,,,,,,,,,,,6.5,,
Q3-1978,,21.25,,14.3,16.5,,,,,,,,,,7.25,,,,5,,,,,,,,,,,,,,,,,,,,,,,,,,,,,,,,,,7.25,,
Q4-1978,,18,,13,15.5,,,,,,,,,,11.5,,,,6,,,,,,,,,,,,,,,,,,,,,,,,,,,,,,,,,,11.5,,
Q1-1979,,18.5,,13,15.5,,,,,,,,,,12,,,,7.25,,,,,,,,,,,,,,,,,,,,,,,,,,,,,,,,,,12,,
Q2-1979,,20,,13.25,16,,,,,,,,,,16,,,,10,,,,,,,,,,,,,,,,,,,,,,,,,20,,,,,,,,,16,,
Q3-1979,,23.5,,15.5,17,,,,,,,,,,16.5,,,,10,,,,,,,,,,,,,,,,,,,,,,,,,25,,,,,,,,,16.5,,
Q4-1979,,22.5,,14.5,16,,,,,,,,,,16.5,,,,10,,,,,,,,,,,,,,,,,,,,,,,,,25,,,,,,,,,16.5,,
Q1-1980,,23.5,,15,17.5,,,,,,,,,,17,,,,10,,,,,,,,,,,,,,,,,,,,,,,,,25,,,,,,,,,17,,
Q2-1980,,27,,17,19.5,,,,,,,,,,18,,,,12,,,,,,,,,,,,,,,,,,,,,,,,,25,,,,,,,,,18,,
Q3-1980,,26,,18.5,20,,,,,,,,,,20,,,,11,,,,,,,,,,,,,,,,,,,,,,,,,25,,,,,,,,,20,,
Q4-1980,,28,,18.5,21,,,,,,,,,,22,,,,11.5,,,,,,,,,,,,,,,,,,,,,,,,,26,,,,,,,,,22,,
Q1-1981,,29.5,,18.5,22.75,,,,,,,,,,22,,,,12.5,,,,,,,,,,,,,,,,,,,,,,,,,26,,,,,,,,,22,,
Q2-1981,,26.5,,17.5,21,,,,,,,,,,20,,,,11.5,,,,,,,,,,,,,,,,,,,,,,,,,24,,,,,,,,,20,,
Q3-1981,,26.5,,17.5,21,,,,,,,,,,15,,,,11,,,,,,,,,,,,,,,,,,,,,,,,,20,,,,,,,,,15,,
Q4-1981,,25.5,,16.5,20.5,,,,,,,,,,12,,,,9,,,,,,,,,,,,,,,,,,,,,,,,,15,,,,,,,,,12,,
Q1-1982,,25,,16,19,,,,,,,,,,12,,,,8.75,,,,,,,,,,,,,,,,,,,,,,,,,12,,,,,,,,,12,,
Q2-1982,,24,,15,18,,,,,,,,,,10,,,,7,,,,,,,,,,,,,,,,,,,,,,,,,10,,,,,,,,,10,,
Q3-1982,,19,,12,14.5,,,,,,,,,,9.5,,,,7.5,,,,,,,,,,,,,,,,,,,,,,,,,9,,,,,,,,,9.5,,
Q4-1982,,18.5,,12,14,,,,,,,,,,7,,,,5.5,,,,,,,,,,,,,,,,,,,,,,,,,6.5,,,,,,,,,7,,
Q1-1983,,17.5,,12,13.75,,,,,,,,,,7,,,,7.5,,,,,,,,,,,,,,,,,,,,,,,,,10,,,,,,,,,7,,
Q2-1983,,19,,13,14.8,,,,,,,,,,9,,,,7.5,,,,,,,,,,,,,,,,,,,,,,,,,12,,,,,,,,,9,,
Q3-1983,,19,,13,14.5,,,,,,,,,,8.5,,,,7,,,,,,,,,,,,,,,,,,,,,,,,,9.25,,,,,,,,,8.5,,
Q4-1983,,17.5,,12.25,13.5,,,,,,,,,,8.5,,,,7,,,,,,,,,,,,,,,,,,,,,,,,,10.5,,,,,,,,,8.5,,
Q1-1984,,17.5,,11.5,13.5,,,,,,,,,,10,,,,7,,,,,,,,,,,,,,,,,,,,,,,,,14,,,,,,,,,10,,
Q2-1984,,17.5,,11.5,13.5,,,,,,,,,,9,,,,6.5,,,,,,,,,,,,,,,,,,,,,,,,,14,,,,,,,,,9,,
Q3-1984,,16.5,,11,12.5,,,,,,,,,,9,,,,6,,,,,,,,,,,,,,,,,,,,,,,,,14,,,,,,,,,9,,
Q4-1984,,15.5,,11,12,,,,,,,,,,8.5,,,,5.5,,,,,,,,,,,,,,,,,,,,,,,,,14,,,,,,,,,8.5,,
Q1-1985,,15,,10,11.5,,,,,,,,,,8.4,,,,4.75,,,,,,,,,,,,,,,,,,,,,,,,,14,,,,,,,,,8.4,,
Q2-1985,,14,,9.75,10.5,,,,,,,,,,7.5,,,,4,,,,,,,,,,,,,,,,,,,,,,,,,14,,,,,,,,,7.5,,
Q3-1985,,13.5,,9.75,10.5,,,,,,,,,,6.3,,,,3.5,,,,,,,,,,,,,,,,,,,,,,,,,12.25,,,,,,,,,6.3,,
Q4-1985,,13.5,,9.75,10.5,,,,,,,,,,6,,,,4,,,,,,,,,,,,,,,,,,,,,,,,,11.7,,,,,,,,,6,,
Q1-1986,,13.5,11.5,9.75,10.5,,,,,,,,,,5.5,,,,3,,,,,,,,,,,,,,,,,,,,,,,,,10.2,,,,,,,,,5.5,,
Q2-1986,27,16,14,11,12.5,,,,,,,,13.75,,6.1,,4.7,,2.6,,,,,,,,,,,,,,,,,,,,,,,,,13.75,,,,,,,,,6.1,4.7,
Q3-1986,29,17.5,15,11.5,13,,,,,,,,15,,6.7,,5.5,,2.95,,,,,,,,,,,,,,,,,,,,,,,,,15,,,,,,,,,6.7,5.5,
Q4-1986,29,16.5,14.5,11,12.5,,,,,,,,15.2,,7.7,,6.35,,3.1,,,,,,,,,,,,,,,,,,,,,,,,,15.2,,,,,,,,,7.7,6.35,
Q1-1987,27,17.5,15,11.5,13,,,,,,,,17,,9.25,,7.2,,4.75,,,,,,,,,,,,,,,,,,,,,,,,,17,,,,,,,,,9.25,7.2,
Q2-1987,30,18,15,11.5,13,,,,,,,,23,,10.5,,8.5,,5.6,,,,,,,,,,,,,,,,,,,,,,,,,23,,,,,,,,,10.5,8.5,
Q3-1987,32,19,17,13,14.5,,,,,,,,24.5,,11.8,,9.3,,5.8,,,,,,,,,,,,,,,,,,,,,,,,,24.5,,,,,,,,,11.8,9.3,
Q4-1987,37.5,20,18.5,14.5,16,,,,,,,,25,,12.8,,11.4,,7,,,,,,,,,,,,,,,,,,,,,,,,,25,,,,,,,,,12.8,11.4,
Q1-1988,37.5,22,19,15,16.5,,,,,,,,30,,14.5,,12.5,,9.1,,,,,,,,,,,,,,,,,,,,,,,,,30,,,,,,,,,14.5,12.5,
Q2-1988,40,23,20,15.5,17,,,,,,,,30,,16.5,,14,,10.25,,,,,,,,,,,,,,,,,,,,,,,,,30,,,,,,,,,16.5,14,
Q3-1988,40,23,20,15.5,17,,,,,,,,33,,16.5,,15,,11.5,,,,,,,,,,,,,,,,,,,,,,,,,33,,,,,,,,,16.5,15,
Q4-1988,42,25,23,18.5,20,,,,,,,,35,,17.2,,15.5,,12.35,,,,,,,,,,,,,,,,,,,,,,,,,35,,,,,,,,,17.2,15.5,
Q1-1989,43,26,24,20,21.5,,,,,,,,37,,19.25,,17.5,,13.25,,,,,,,,,,,,,,,,,,,,,,,,,37,,,,,,,,,19.25,17.5,
Q2-1989,46,26.5,24,20,22,,,,,,,,38.5,,21,,18.2,,14,,,,,,,,,,,,,,,,,,,,,,,,,38.5,,,,,,,,,21,18.2,
Q3-1989,46,26.5,24,20,22,,,,,,,,38.5,,22.5,,18.75,,14.25,,,,,,,,,,,,,,,,,,,,,,,,,38.5,,,,,,,,,22.5,18.75,
Q4-1989,50,27.5,24,20,22,,,,,,,,39,,23,,19,,14.5,,,,,,,,,,,,,,,,,,,,,,,,,39,,,,,,,,,23,19,
Q1-1990,57.5,27.5,25,21,23,,,,,5.2,3.354,,39,,23,,18.5,,14.5,,,,,,,,,,,,,,,,,,,,,,,,,39,,,,,,,,,23,18.5,
Q2-1990,57.5,27.5,25,21,23,,,,,5.2,3.354,,36,,20.5,,18,,13.75,,,,,,,,,,,,,,,,,,,,,,,,,36,,,,,,,,,20.5,18,
Q3-1990,60,30,25,21,23,,,,,4.5,2.9025,,34,,18.5,,17.25,,11.75,,,,,,,,,,,,,,,,,,,,,,,,,34,,,,,,,,,18.5,17.25,
Q4-1990,60,30,25,21,23,,,,,3.8,2.451,,33,,19,,16,,10.5,,,,,,,,,,,,,,,,,,,,,,,,,33,,,,,,,,,19,16,
Q1-1991,55,30,25,21,23,,,,,3.8,2.451,,34.5,,18.5,,16,,10.25,,,,,,,,,,,,,,,,,,,,,,,,,34.5,,,,,,,,,18.5,16,
Q2-1991,53,30,25,21,23,,,,,3.6,2.322,,41,,21.5,,17.75,,12.5,,,,,,,,,,,,,,,,,,,,,,,,,41,,,,,,,,,21.5,17.75,
Q3-1991,53,33,27,22,24,,,,,3.4,2.193,,43,,24.25,,19,,13.5,,,,,,,,,,,,,,,,,,,,,,,,,43,,,,,,,,,24.25,19,
Q4-1991,56,34,28,22,24,,,,160,3.2,2.064,1.28,42,,24,,19.5,,13.5,,,,,,,,,,,,,,,,,,,,,,,,,42,,,,,,,,,24,19.5,
Q1-1992,49,31,27,21,26,,,,170,3.4,2.193,1.36,42,,21,,18,,12,,,,,,,,,,,,,,,,,,,,,,,,,42,,,,,,,,,21,18,
Q2-1992,48,29,25,20,24,,,,160,3.2,2.064,1.28,39,,22.5,,18.2,,12,,,,,,,,,,,,,,,,,,,,,,,,,39,,,,,,,,,22.5,18.2,
Q3-1992,45,28,24,20,23,,,,155,3.1,1.9995,1.24,37,,18.5,,17,,12,,,,,,,,,,,,,,,,,,,,,,,,,37,,,,,,,,,18.5,17,
Q4-1992,44,28,24,20,23,,,,150,3,1.935,1.2,34,,18.75,,17,,14,,,,,,,,,,,,,,,,,,,,,,,,,34,,,,,,,,,18.75,17,
Q1-1993,42.5,27,24,20,22,,,,155,3.1,1.9995,1.24,33,,21,,18.5,,15.25,,,,,,,,,,,,,,,,,,,,,,,,,33,,,,,,,,,21,18.5,
Q2-1993,49,29,25,21,23,,,,163,3.26,2.1027,1.304,38.5,,21.75,,19,,16,,,,,,,,,,,,,,,,,,,,,,,,,38.5,,,,,,,,,21.75,19,
Q3-1993,49.5,29.5,25,21,23,,,,165,3.3,2.1285,1.32,38.5,,22.5,,19,,15.75,,,,,,,,,,,,,,,,,,,,,,,,,38.5,,,,,,,,,22.5,19,
Q4-1993,46,28.5,25,21,23,,,,160,3.2,2.064,1.28,38.5,21,19.5,14.5,18,,15,10.5,,,,,,,,,,,,,,,,,,,,,,,,38.5,,,,,,,,,19.5,18,
Q1-1994,41,26.5,23.5,19,22,,,,157,3.14,2.0253,1.256,33.25,18.25,19,14,18.25,14.5,14,10.15,,,,,,,,,,,,,,,,,,,,,,,,33.25,,,,,,,,,19,18.25,
Q2-1994,42,27.5,23.5,19,22,,,,160,3.2,2.064,1.28,35.58333,19.5,19.5,14.5,19.25,14.7,16,11.5,,,,,,,,,,,,,,,,,,,,,,,,35.58333,,,,,,,,,19.5,19.25,
Q3-1994,41,27,23.5,18.5,21,,,,172,3.44,2.2188,1.376,35.58333,19.5,20,15,20,15.25,15.5,11.15,,,,,,,,,,,,,,,,,,,,,,,,35.58333,,,,,,,,,20,20,
Q4-1994,42,28,24,19,21.5,,,,185,3.7,2.3865,1.48,37.33333,20.5,21,15.75,20.5,15.75,16,11.5,,,,,,,,,,,,,,,,,,,,,,,,37.33333,,,,,,,,,21,20.5,
Q1-1995,42.5,28.5,25,19.5,22,,,,176,3.52,2.2704,1.408,37.91667,21,22.5,17.2,21,16.5,16,11.5,,,,,,,,,,,,,,,,,,,,,,,,37.91667,,,,,,,,,22.5,21,
Q2-1995,43,29,25.5,20,22.5,,,,170,3.4,2.193,1.36,36.16667,21,22.5,17.2,21,16.75,16,11.5,,,,,,,,,,,,,,,,,,,,,,,,36.16667,,,,,,,,,22.5,21,
Q3-1995,42.5,28.5,24,19.5,22,,,,180,3.6,2.322,1.44,32.66667,19,22,17,20.5,16,16.5,12,,,,,,,,,,,,,,,,,,,,,,,,32.66667,,,,,,,,,22,20.5,
Q4-1995,42.5,28.5,24,19.5,22,150,160,145,165,3.2,2.064,1.32,32.66667,19,21.5,16.5,21,15.5,16.5,12.75,,,,,,,,,,,,,,,,,,,,,,,,32.66667,,,,160,,,,,21.5,21,
Q1-1996,41,27,23.5,19.5,22,146,187,144,189,3.74,2.4123,1.512,31,17.5,19.5,15.75,19.5,15,15.5,12.5,,,,,,,,,,87,,,,,,,,,,,,21.047,,31,,,,187,,,,,19.5,19.5,
Q2-1996,40,27,23.5,19.5,22,155,194,152,191,3.88,2.5026,1.528,29.75,16.5,20,15.5,20,14.75,14.75,12.5,,,,,,,,,,77,,,,,,,,,,,,18.758,,29.75,,,,194,,,,,20,20,
Q3-1996,39.5,27.25,23.5,19.5,22,150,165,150,165,3.3,2.1285,1.32,28,15,19,13.25,18.75,13.5,13,11,,,,,,,,,,69,,,,,,,,,,,,16.692,,28,,,,165,,,,,19,18.75,
Q4-1996,39,26.5,23,19,21.5,125,155,125,152,3.1,1.9995,1.216,28,15,19.5,14,18.75,13.5,13,8.75,,,,,,,,,,59,,,,,,,,,,,,14.091,,28,,,,155,,,,,19.5,18.75,
Q1-1997,38,26,22.5,18.5,21,130,170,130,169,3.4,2.193,1.352,32,17.5,22,16,19,14.5,14.5,10.75,,,,,,,,,,53,,,,,,,,,,,,12.388,,32,,,,170,,,,,22,19,
Q2-1997,41,27.5,23.5,19,21.5,130,156,130,156,3.12,2.0124,1.248,32,17.5,20.5,16,18,13.75,14.5,10.75,,,,,,,,,,36,,,,,,,,,,,,8.067,,32,,,,156,,,,,20.5,18,
Q3-1997,42,28,23.5,19,21.5,130,169,130,172,3.38,2.1801,1.376,34.25,19,22,16.5,18.5,13.75,14.5,11,,,,,,,,,,35,,,,,,,,,,,,7.901,,34.25,,,,169,,,,,22,18.5,
Q4-1997,40.5,27,22.5,18,20.5,130,155,130,155,3.1,1.9995,1.24,34.25,18.5,22,15.75,18,13.5,13.75,10.75,,,,,,,,,,40,,,,,,,,,,,,8.686,,34.25,,,,155,,,,,22,18,
Q1-1998,38.5,25.5,21.5,16.5,19.5,128,145,128,145,2.9,1.8705,1.16,33.75,18,19.5,14.5,17.5,10.5,11.75,8,,,,,,,,,,46,,,,,,,,,,,,9.819,,33.75,,,,145,,,,,19.5,17.5,
Q2-1998,37,24.5,21,15.5,18.5,107,120,107,120,2.4,1.548,0.96,32.5,17.5,17,13,16,10,11,7.75,,,,,,,,,,51,,,,,,,,,,,,10.971,,32.5,,,,120,,,,,17,16,
Q3-1998,35.5,21,19,14.5,17,100,118,95,119,2.36,1.5222,0.952,27.75,15,14.5,10,14,8.5,9.5,6,,,,,,,,,,53,,,,,,,,,,,,11.525,,27.75,,,,118,,,,,14.5,14,
Q4-1998,33,20,18,14.25,16.5,102,106,102,110,2.12,1.3674,0.88,25.25,14.5,14,9.75,12.5,8,9.25,6,,,,,,,,,,52,,,,,,,,,,,,11.358,,25.25,,,,106,,,,,14,12.5,
Q1-1999,32,19,17.5,14,16,105,116,106,120,2.32,1.4964,0.96,27.25,13.5,15,10,12.75,8.5,9.5,7,,,,,,,,,,52,,,,,,,,,,,,11.517,,27.25,,,,116,,,,,15,12.75,
Q2-1999,34.5,21,18.75,15,16.25,107,109,107,108,2.18,1.4061,0.864,28,15,15.5,11.5,14,10.5,11,8,,,,,,,,,,45,,,,,,,,,,,,9.84,,28,,,,109,,,,,15.5,14,
Q3-1999,36,21.5,19,15,16.5,110,124,110,128,2.48,1.5996,1.024,27.5,16.5,16,11.5,14.6,10.5,11.5,8,,,,,,,,,,42,,,,,,,,,,,,9.031,,27.5,,,,124,,,,,16,14.6,
Q4-1999,35,22,20,15.5,16.5,121,140,120,145,2.8,1.806,1.16,29.25,17.5,16.75,12,16,11.5,11.5,8,,,,,,,,,,48,,,,,,,,,,,,10.08,,29.25,,,,140,,,,,16.75,16,
Q1-2000,37.5,23,20.5,15.5,16.5,120,140,119,143,2.8,1.806,1.144,31,19,17.25,12.5,16,11.75,12,8,,,,,,,,,,67,,,,,,,,,,,,14.3,,31,,,,140,,,,,17.25,16,
Q2-2000,37.5,22.5,20.5,14.5,16,138,153,139,152,3.06,1.9737,1.216,28.5,17.5,16,11.5,15,12,12,8,,,,,,,,,,71,,,,,,,,,,,,14.95,,28.5,,,,153,,,,,16,15,
Q3-2000,39,23,20.5,15.25,16.25,161,166,163,168,3.32,2.1414,1.344,32,19.5,16.75,11.75,15.5,12.6,12,9,,,,,,,,,,66,,,,,,,,,,,,13.755,,32,,,,166,,,,,16.75,15.5,
Q4-2000,40.5,22.5,20.5,15,16,170,169,171,172,3.38,2.1801,1.376,30.25,19,16,11.75,15.25,12,12,9,,,,,,,,,,60,,,,,,,,,,,,12.35,,30.25,,,,169,,,,,16,15.25,
Q1-2001,41.5,22,20.5,15,16,153,168,154,169,3.36,2.1672,1.352,29.25,18,15.5,11,14,10.5,11.5,8.75,,,,,,,,,,60,,,,,,,,,,,,12.367,,29.25,,,,168,,,,,15.5,14,
Q2-2001,41,21.5,20,15,16,158,176,159,180,3.52,2.2704,1.44,29.75,18.5,15,10.5,13.75,10.5,11.5,8,,,,,,,,,,50,,,,,,,,,,,,10.049,,29.75,,,,176,,,,,15,13.75,
Q3-2001,37.5,21,19.5,14.5,15.5,125,153,125,156,3.06,1.9737,1.248,26.25,16,14,9.5,13,10,10.5,7.75,,,,,,,,,,52,,,,,,,,,,,,10.578,,26.25,,,,153,,,,,14,13,
Q4-2001,36,20.5,18.5,14.5,15.5,112,135,112,137,2.9264,1.76869,0.89657,27,16.5,14,9.5,13.25,9.75,11,7.75,5.75,10,6.5,3.5,16.5,5.5,3.2,4.5,2.5,46,,,,,,,,,,1.49938,,9.451,,27,,,,135,,,,,14,13.25,
Q1-2002,35.25,20.5,18.5,14,14.75,126,142,130,146,3.08165,1.85882,0.94312,27.5,18.5,15.5,11,14,9.75,10.75,7.75,4.5,10.25,7.5,4,16.75,6.5,3.5,5.25,3,44,,,,,,,,,,1.57712,,9.117,,27.5,,,,142,,,,,15.5,14,
Q2-2002,34.5,21.5,19,14.75,15.5,138,138,138,140,2.98987,1.80592,0.91658,28,19.5,16.75,11.75,14,9.75,11.25,8,4.5,10.25,8.5,4.25,16.75,6.5,3.75,5.7,3,40,,,,,,,,,,1.5327,,8.202,,28,,,,138,,,,,16.75,14,
Q3-2002,35,21,19,15,15.5,146,150,147,153,3.2465,1.95672,0.99419,28,19.5,16.25,11.5,13.5,9.5,11.25,8,4.5,10.25,8.25,4.5,16.75,6.5,3.75,5.7,3,57,,,,,,,,,,1.66598,,11.631,,28,,,,150,,,,,16.25,13.5,
Q4-2002,36.25,21.5,19,15,15.5,163,178,165,182,3.89472,2.32985,1.17705,29,20.5,17,11.5,14.25,10.5,11.25,8.5,4.5,11,8.5,4.5,16.75,7,4,6,3,60,,,,,,,,,,1.96166,,12.087,,29,,,,178,,,,,17,14.25,
Q1-2003,38.5,22.25,19.75,15.75,16.25,200,208,210,214,4.55763,2.72223,1.37301,32,22,18.5,12.5,16,11.25,11.75,8.75,5.25,12.5,9.5,4.5,17.5,7.5,4.5,6.25,3,68,,,,,,,,,,2.30394,,13.756,,32,,,,208,,,,,18.5,16,
Q2-2003,38.5,22.5,19.75,15.75,16.25,218,215,215,218,4.67392,2.80006,1.42342,32,22,18.75,13,16,11.25,12.5,8.75,6,12.5,9.5,4.5,18.5,8,4.75,6.25,3,79,,,,,,,,,,2.39024,,15.827,,32,,,,215,,,,,18.75,16,
Q3-2003,42.5,24.25,21,17,17.5,230,230,230,230,4.96808,2.99898,1.52683,35.5,23,19.5,14,16.5,12,13.5,9.5,7.5,16,11,5.5,19.75,8.5,5,6.5,3,92,,,,,,,,,,2.54616,,18.055,,35.5,,,,230,,,,,19.5,16.5,
Q4-2003,48,27,24,18,18.5,288,260,288,265,5.59604,3.37463,1.71978,44,32,28,20,20,15.5,14.5,10.75,12,22,13.5,8,23,10,7,8,5.5,100,,,,,,,,,,2.86431,,19.495,,44,,,,260,,,,,28,20,
Q1-2004,52.5,33,28.25,19.5,21.25,365,345,365,353,8.04618,4.83461,2.46065,60,45,36,29,30,22,21,17,20,32,22,17,34,16,14,14,10.5,116,375,370,,,,,,,,4.10328,,22.144,,60,,,375,345,,,,,36,30,
Q2-2004,56,30,25.5,19.5,20.5,285,280,280,285,6.47317,3.83903,2.02545,45,32.5,26,20.5,21,16,19,14.5,14,23.5,15.5,12,24,13,10.5,12,8,124,300,305,,,,,,,,3.39759,,23.471,,45,,,300,280,,,,,26,21,
Q3-2004,61,34,28,21,22,325,362,325,370,8.03632,4.78025,2.52047,56.5,45,34,26,26.75,22,19.75,16,19,32,19.5,14,30.5,16,12.5,13.5,9,140,375,380,,,,,,,,4.21165,,26.674,,56.5,,,375,362,,,,,34,26.75,
Q4-2004,64,36,30,23.5,24.5,325,372,330,380,8.30047,4.9564,2.624,64.5,46,40,31,29,22.5,21.5,17,19.75,35,23,16,33,18.5,14,13.5,9,152,390,395,,,,,,,,4.36013,,28.86,,64.5,,,390,372,,,,,40,29,
Q1-2005,68,40,34.5,26,27,350,410,355,420,8.74381,5.16998,2.79287,72,54,45.5,37,35,26.5,25,21,21,42,27,19,38,21,15.5,15,11,154,390,395,,,,,,,,4.64928,,29.111,,72,,,390,410,,,,,45.5,35,
Q2-2005,62,38.5,34,26.5,27.5,245,305,245,310,6.49977,3.8493,2.0695,69.25,52,42.15,33.25,33.25,25.5,27,21.5,23,39.2,25.25,18,37.25,20,15.25,15.5,11,175,290,295,,,,,,,,3.38232,,32.169,,69.25,,,290,305,,,,,42.15,33.25,
Q3-2005,59,36.5,30.5,26.5,27,260,355,260,365,7.54636,4.5202,2.43671,61,40,36.5,27.5,28,24.5,27,22,17,32.5,20,13,33.5,18.5,13,15.5,9,172,340,350,,,,,,,,4.05275,,31.297,,61,,,340,355,,,,,36.5,28,
Q4-2005,59,36,30.5,25.5,26.5,260,325,260,330,7.28307,4.40688,2.27987,57,38,29.5,24,25.5,20.5,26,19,18.5,28,18.5,10.5,29.5,16.5,10,15,8,164,345,340,,,,,,,,3.8111,,29.154,,57,,,345,325,,,,,29.5,25.5,
Q1-2006,60,33.5,29,25,26,230,350,230,355,7.33992,4.4115,2.40355,54,33,31.5,25,28.5,21,24,19,16.5,22,18,11.5,31.5,16.5,10,15,8.5,163,340,340,,,,,,,,3.93521,,29.104,,54,,,340,350,,,,,31.5,28.5,
Q2-2006,61,34.5,30,26,27,230,345,232,345,7.20488,4.34937,2.33303,56.5,38,33,27,31.75,22.5,23,19,18,26,19.5,12.75,34,17.5,11,15,9.5,194,340,340,,,,,,,,3.81016,,33.241,,56.5,,,340,345,,,,,33,31.75,
Q3-2006,66,39,35.5,27.5,29,230,360,232,370,8.31151,5.03615,2.85776,76,56,44,32.5,38,28,28.5,22.5,19,40.5,23.5,14,40,21,14,17.5,11.5,193,400,420,,,,,,,,4.65669,,32.633,,76,,,400,360,,,,,44,38,
Q4-2006,68,40,36.5,28,29.5,225,390,225,390,8.62319,5.21705,2.8282,81,62,45.5,37,40,32,28.5,23,21,43,27.5,16,42.5,22,15.5,18,11.5,222,415,415,93,56.5,47,33,,,,4.53571,,36.852,,81,,,415,390,,,,,45.5,40,
Q1-2007,79,42.5,39.5,29.5,31.5,230,435,230,435,9.09525,5.44941,3.05151,93,67,50,42,45,36,32.5,27.5,33,54,32.5,23.5,46,25,17,22,14,311,420,420,110,58.5,51,37,,,,4.58855,,49.153,,93,,,420,435,,,,,50,45,
Q2-2007,88,46,42,30.5,33,230,430,230,430,9.30881,5.47545,3.0903,101,76,58,48.5,54,41,36,32.5,33,63,36.5,27,55.5,32,21,24.5,14,365,440,440,116,66,58.5,38,,,,4.63093,,55.566,,101,,,440,430,,,,,58,54,
Q3-2007,93,50,46,33,36.5,230,430,230,430,11.25808,6.4304,3.6666,130,90,79,70,69,55,41,36.5,50,73,54,37,72,43,33,29,19.5,479,520,520,138,90,75,45,,,,5.5085,,70.392,,130,,,520,430,,,,,79,69,
Q4-2007,97,55,48,34.5,38,230,470,230,470,10.41533,5.92756,3.42363,150,105,88.5,72,75,60,44,40,59,88,61,44.5,75,46.5,36,33,26,580,480,480,155,101,82,49,,,,5.02831,,82.304,,150,,,480,470,,,,,88.5,75,
Q1-2008,95.5,55,48,35,38,290,630,290,630,14.54862,8.37429,4.92039,145,110,82,69,69,60,48.5,42,60,90,56.5,43,72,49.5,35,32.5,24,696,680,680,150,94,78,53,,,,6.76884,,96.889,,145,,,680,630,,,,,82,69,
Q2-2008,96,55,47.5,36,39,370,620,370,620,13.85865,7.98045,4.71197,153,113,88,76.5,72.5,60.5,54,47,70,92.5,62,47,75,50.5,39,36,30,765,650,650,160,98,82,57,68,57,59,6.43617,,105.329,,153,,,650,620,,,,,88,72.5,
Q3-2008,96,54,48,36.5,40,450,530,450,530,11.92968,6.75828,4.01844,134,105,80,68,61.5,53,49.5,42,61,81,53,37,65,41,30,32.5,21,829,550,550,154,87,69,52.5,68.5,57.5,53,5.35248,,111.231,,134,,,550,530,,,,,80,61.5,
Q4-2008,88,46.5,42,31.5,32.5,200,270,200,270,5.96846,3.35953,1.96086,45,31,26,20,24.5,18,20.5,16,13,22,12.5,9,26.5,13,7.5,10,5,903,260,260,55,36,32,25,62,51.5,46.5,2.53646,,118.411,,45,,,260,270,,,,,26,24.5,
Q1-2009,72.5,38,35,26.5,28,230,285,230,285,7.2614,4.19534,2.4053,48.5,38,29,21,25.5,18,20.5,15.5,17.5,26,16,10,28,13,8,11,5,884,335,330,60,35,31,25,51.5,45,38,3.11186,,113.818,,48.5,,,335,285,,,,,29,25.5,
Q2-2009,69,34,31.5,25.5,27,260,260,260,260,5.65232,3.26525,1.89908,56,45,35.5,26.5,27.5,21,21,15.5,19,31,20,12,29,16,11,12.5,8.5,883,260,260,66,41,33.5,25,50,43,37,2.38532,,110.285,,56,,,260,260,,,,,35.5,27.5,
Q3-2009,58,33,30,23,25,260,280,250,280,6.30451,3.64181,2.12317,58,46,34.5,26,28.5,21,21,15.5,19,29,19,11,30,16.5,10.5,11.5,8,852,290,290,71.5,40.5,36,25,47.5,40,34.5,2.63124,,103.245,,58,,,290,280,,,,,34.5,28.5,
Q4-2009,56,33.75,30.5,23,25,305,330,305,330,7.17984,4.14357,2.42541,55,44,36,27.5,27,21.5,22,17,16,27.5,21.5,11,30,17,11,12.5,8,825,310,310,73,41,36.5,26.5,46,40,35.5,2.93545,,94.188,,55,,,310,330,,,,,36,27,
Q1-2010,56,34,30.25,23,25.25,350,400,350,400,8.8546,5.14888,2.93803,62,45,37.5,31.5,31,24,25,22,18,29,21.5,13,33,19.5,12,14.5,10,798,410,380,74,43,38,28,45.75,39.5,36.75,3.5755,,88.449,,62,,,410,400,,,,,37.5,31,
Q2-2010,59.5,34.25,32,24,27.75,335,350,335,350,7.77245,4.53291,2.64058,59,45,40.25,33.5,33,27,28,24,18,27,24.5,14,35.5,22.5,14,17,11,782,360,360,70,44.5,40,30,46.75,41,38,3.21795,,81.981,,59,,,360,350,,,,,40.25,33,
Q3-2010,58,34.5,31,24,26.5,350,420,350,415,9.0398,5.29695,3.06117,55,42,40.5,31.5,33.5,26,26,22,16,24,24,15,35.5,21,13,15,10,786,370,360,66,45,38,30,46,40,37.5,3.70087,,78.905,,55,,,370,420,,,,,40.5,33.5,
Q4-2010,57,34.5,31,24,26.5,420,460,420,435,9.96792,5.80099,3.2247,50,38,36,28,29,24,25,21.5,15,23,23,15,32,19,12,15,10,709,370,360,64,43,37,30,45,39.5,36.5,3.83445,,68.53,,50,,,370,460,,,,,36,29,
Q1-2011,54,33.5,31,24,25.75,440,495,440,500,10.83845,6.25506,3.71893,47,37,34,28,29,20.5,22.5,19.5,17.5,23,21,16,31.2,17.5,12,15,10,673,370,360,56,41,35,27,43.5,38,34.5,4.37403,,62.26,,47,,,370,495,,,,,34,29,
Q2-2011,54,33.5,31,24,25.5,465,495,460,490,11.11668,6.35088,3.64764,44,35,33,26,29,21.75,23,19.5,15.5,21,19,15,31,16.5,12,15,10,622,500,495,53,39,34.5,26,43.5,37.5,34,4.36992,,55.197,,44,,,500,495,,,,,33,29,
Q3-2011,51,30,28.25,22.5,24,460,510,455,505,11.44122,6.48366,3.73306,39,29,27,21,26,20,22,18.5,12.5,17,14.5,11,28.3,15,11,14,10,573,510,500,48,36.5,32,25,42,36,31,4.44738,,49.504,,39,,,510,510,,,,,27,26,
Q4-2011,48.5,29,27,21.5,22.5,430,460,425,455,11.21966,6.32157,3.65103,36,26.5,26.5,20,24.5,17,21,16,11,16,13,9.5,27.4,12,9,11,8,512,505,495,48,34.5,32,24.5,41,35,30,4.41765,,42.647,,36,,,505,460,,,,,26.5,24.5,
Q1-2012,47,27.5,25.5,21,22.5,430,460,428,465,10.46427,5.78773,3.39545,35,24,24,18,23.5,17,19,14,12,17,12,8.5,25.6,11,8.5,9.5,6,460,465,460,44,30,29,23,39.5,34,28,4.21922,31,36.899,,35,,,465,460,,,,,24,23.5,
Q2-2012,46.5,27.25,25.25,21,22.25,345,360,340,350,8.3746,4.63103,2.69627,35,22,23.5,17,23.5,17,17,14,11,14,12,8.5,25.4,11,8.5,8,6,384,375,370,44,31,28.5,22,39.5,33.5,27.75,3.32689,32,29.934,,35,,,375,360,,,,,23.5,23.5,
Q3-2012,46,26.25,24.5,20.5,21,330,395,325,390,8.71607,4.86032,2.8057,32.5,21,20,14.5,20,14.5,16,12,8.5,13,9.5,7,22.6,9,7,7.5,6,293,395,390,40,29,26.5,21.75,38.5,33,27,3.51981,30,22.36,,32.5,,,395,395,,,,,20,20,
Q4-2012,46,25.75,24.25,20,21,370,410,368,405,9.02636,5.06366,2.91764,32.5,21,18,13,19.5,14.5,15.5,12,8.5,12.5,8,6,22.3,9,7,7.5,6,255,405,403,40,27.5,26.5,21.75,35,30,26.5,3.64746,28.5,18.953,,32.5,,,405,410,,,,,18,19.5,
Q1-2013,46.5,25.75,24.25,20,21,375,425,365,420,9.39173,5.19885,3.01188,34,22,18.5,13.5,18.5,14.5,17,12,8.5,14,8.5,6,21.8,9.5,6.5,7.5,6,229,425,415,44,27,26.5,21.5,34.5,29.5,26.5,3.74997,28,16.861,,34,,,425,425,,,,,18.5,18.5,
Q2-2013,47.5,25.75,24.75,20,21.25,310,395,310,385,9.00934,5.03603,2.92166,34,21.5,22,15.5,21.5,16,18,13,8.5,14,9,6,23.8,9.5,7,9,6,231,410,410,44,30,27.5,22.5,35,30.5,27.25,3.67975,31,16.113,,34,,,410,395,,,,,22,21.5,
Q3-2013,50,27,25,20.25,21.75,365,405,355,400,8.7638,4.90131,2.8536,38,27,22,15.5,22.5,17,18.5,13,9,15.5,9,5.5,25,10,6.5,9,6,249,390,395,50,30,29,23,36.5,33.25,28,3.5592,31,17.017,,38,,,390,405,,,,,22,22.5,
Q4-2013,53.5,27.75,26.5,20.5,22.25,355,430,345,425,9.25188,5.17892,3.02855,44,31,25.5,18,24.5,17.5,19,14,10,18,12,6.5,26.6,11,6.5,9.5,6,277,425,415,54,31.5,30,23.5,37,34,29.5,3.80673,33,18.423,,44,,,425,430,,,,,25.5,24.5,
Q1-2014,56.5,29.5,27.5,21.5,23.5,330,470,325,475,10.10077,5.61227,3.3839,52,36,28,22.5,27,22,21,16,12,25,14.5,8.5,29.2,13.5,8.5,11,7,347,450,460,63,34,33,26,40,35.5,30.75,4.26265,36,23.196,,52,,,450,470,,,,,28,27,
Q2-2014,57.5,30,28.25,22,23.75,320,465,315,465,9.82917,5.53583,3.3294,47,34,24,18.5,25.5,19.5,19.5,14.5,10,20,12,7,28,13,8,9.5,6,373,460,465,59,31.5,32,25.5,42.5,38.5,30.75,4.16082,33,24.638,61,47,,,460,465,,,,,24,25.5,
Q3-2014,55.25,29.75,27.75,21.75,23.25,280,495,280,490,10.41183,5.87763,3.55985,48,35,22.5,16.5,23,16,18.5,13,10,20.5,11.5,6.5,26.4,10,7.5,9.5,6,379,490,490,60,31.5,31.5,25,42,38,30.5,4.41588,33,25.036,58.25,48,,,490,495,,,,,22.5,23,
Q4-2014,54,29,27,21.75,23,235,440,235,420,9.20876,5.17836,3.07278,39,27.5,20,14.5,20.5,13.5,17,12.5,10,16,10,5.5,24.4,9,6,8,5.5,381,440,430,54,29,30,24,41,37.5,30,3.89236,31,24.892,56.5,39,,,440,440,,,,,20,20.5,
Q1-2015,52,27.75,26,21,22,210,380,210,375,8.08743,4.58094,2.72346,34,22,17,13,16,11,13.5,9.5,9,13,9,5.5,20.8,7,5,6,4.5,368,390,380,49,26.5,27.5,21.5,39.75,36.25,28.5,3.439,28.5,23.585,55,34,,,390,380,,,,,17,16,
Q2-2015,49,26.5,25,19.75,21.25,210,365,210,360,8.20838,4.6545,2.52507,31,18,17,11,15,10.5,13,9,9,11,6.5,4,19.9,6.5,4.5,4.5,3.5,310,375,365,46,26,26.5,21,38,35,27.25,3.61606,28,19.969,52,31,,,375,365,,,,,17,15,
Q3-2015,48,26,24.5,19.25,20.5,155,310,150,305,6.77939,3.85299,2.10786,35,20,18,12,15.5,10.5,13,9.5,8.5,10.5,6.5,4,19.7,6,4,5.5,3.5,286,295,295,46,26,25.5,21,37,34.25,26.75,3.02377,28,18.847,51,35,,,295,310,,,,,18,15.5,
Q4-2015,46,25.75,24.25,19.25,20.5,140,285,140,282,6.44251,3.66744,1.94806,25,13.5,14,8.5,13.5,8,10,8,6.5,8.5,5,3,17.3,4.5,3.5,4.5,2.5,265,295,280,39,22,22.5,19,36.5,34,26.5,2.79575,25,17.541,49,25,,,295,285,,,,,14,13.5,
Q1-2016,45,25.25,24,19,20,140,240,140,245,5.56895,3.162,1.725,23.75,12,13,8,12,6.5,9.5,7,6,7,3.5,2.75,15.1,3.5,2.5,3.5,2,255,255,250,35,20,19.5,17.5,36,33.5,25.75,2.476,23,17.238,48,23.75,,,255,240,,,,,13,12,
Q2-2016,42,24,22.25,18.5,19.5,155,245,150,240,5.96503,3.40533,1.794,24.75,14,14,8,13,7.75,9,6.75,6,8,4.5,3,16.1,4,2.75,4,2.5,227,275,260,36,21,20.5,17.5,33.5,31.25,24.25,2.57478,25,16.507,45,24.75,,,275,245,,,,,14,13,
Q3-2016,42,24,22.25,18.5,19.5,215,305,210,300,6.73506,3.83873,2.0712,24,14,14,8,13.5,9,10.5,6.75,6,8,4.5,2.75,16.8,4.5,2.75,4,2.5,208,310,300,36.5,21,21.5,17.5,33.5,31,24.5,2.9709,24.5,15.572,44.5,24,,,310,305,,,,,14,13.5,
Q4-2016,42,24,22.25,18.5,19.5,260,295,255,290,7.3763,4.21124,2.17445,24,15,14,8.5,14,9.5,12,6.75,6,8,5.5,3,17.8,5.75,2.75,4,2.5,181,340,315,36.5,21,23,18.5,33.5,31,24.5,3.11441,24.5,13.657,44,24,,,340,295,,,,,14,14,
Q1-2017,42,24.25,23,18.5,20,280,380,270,360,8.46105,4.81416,2.5875,33.5,20,18,14,16,11.5,14,8,9,12,8,5,20.2,8,5,5,3.5,166,390,375,41,,26,20,32.5,30.75,24.75,3.70763,28.5,12.705,44,33.5,21,,390,380,,,,,21,16,
Q2-2017,42.5,24.5,23.5,18.75,21.5,255,345,245,335,7.68327,4.37644,2.3805,33.5,24,18,13.5,16,13,14,8,9,13,8,5,20.4,7.5,5,5,3.5,128,355,345,45,,26.5,21,32.75,31,25,3.4086,29,10.106,44.5,33.5,21,,355,345,,,,,21,16,
Q3-2017,42.5,24,23,19.25,21,260,400,255,390,8.86256,5.05448,2.7576,34,21.5,18.5,14,16.5,13,14,9.5,9.5,15,9,6,20.9,9.5,6,5,3.5,126,410,400,46.5,,27,22.5,32.75,31,24.5,3.928,28.5,9.918,44.5,34,21.5,,410,400,,,,,21.5,16.5,
Q4-2017,44,25,24,19.75,22,230,430,225,430,9.26177,5.28728,2.96313,33,20.5,18.5,14.5,17.5,13.5,14,10,10,13,11,7.5,21.7,9.5,6.5,6,4,137,430,425,46.5,,27.5,23,34,31.5,25.5,4.20712,28.5,10.917,46,33,22.5,,430,430,,,,,22.5,17.5,
Q1-2018,46,26,24.5,20.19886,22.5,230,475,225,460,10.54333,6.0123,3.23924,34,23.5,19,16.5,18,14.5,15.5,11,10,15.5,11.5,8,22.2,10,7,6.5,4.25,175,490,470,48,,28,23,35,32.5,26.5,4.59848,30,14.072,48.5,34,23.5,,490,475,,,,,23.5,18,
Q2-2018,48,27,25.5,21.09659,23.5,250,435,250,430,9.44724,5.38516,2.96356,36,26,19,16.5,18,14.5,16,11.75,11,16.5,10.5,7,22.4,10,7,6.5,4.25,200,440,430,52,,28.5,24.5,36.75,34,27.5,4.19336,31,15.777,50,36,24,,440,435,,,,,24,18,
Q3-2018,49.25,27.5,26,21.54545,24,185,450,185,440,9.76976,5.5551,3.02808,36.25,25,19,15.5,18,14,15,11.5,10.5,15.5,10,6,22.4,9,6,7,4.5,204,455,440,52,,28.5,24.5,38.75,34.5,28,4.27108,31.5,15.512,51.75,36.25,23,,455,450,,,,,23,18,
Q4-2018,50,27.5,26,21.54545,24,125,430,125,420,9.23296,5.24428,2.88876,33.5,24,19,15,18,14,15,11.5,10.5,15,9,6,22.4,9,6,7,4.5,213,425,415,52,,28.5,24.5,40,34.75,28,4.08408,31.5,15.189,52.5,33.5,23.5,,425,430,,,,,23.5,18,
Q1-2019,51,27.5,26,21.54545,24,,430,,420,9.75384,5.53599,2.95711,31,24.5,19,14,17,13.5,17,11.5,10.5,14.5,9,6,21.6,8.5,6,7,4.5,228,455,430,52,,28,24.5,40.5,35,28,4.15165,31.5,15.557,53.5,31,24.5,22.5,440,430,415,410,415,55.5,24.5,22.5,
Q2-2019,51,27.5,26,21.54545,24,,440,,440,9.43184,5.34952,3.02764,30,23.5,19,14,17,13.5,17,11,10.5,14,9.25,6,21.6,8,5.5,6,4.5,223,420,410,52,,28,23.5,40.5,35,28,4.23676,31,14.817,53.5,30,24,22.5,415,440,405,405,405,55.5,24,22.5,
Q3-2019,50.5,27.25,25.75,21.32102,23.75,,375,,375,8.0385,4.54988,2.58113,29,23,19,13.5,17.5,13,17,9.5,10.5,14,9.5,6,21.9,7.5,5.5,6,4.5,232,370,370,52,,28,23.5,40,34.75,27.75,3.5955,31,15.017,52.5,29,23.5,22,370,375,345,345,345,55.5,23.5,22,
Q4-2019,49.5,27,25.5,21.09659,23.5,,370,,365,8.36004,4.73343,2.58,28,22,19,13.5,17,12.5,16.5,9,10,13.5,9.5,6,21.6,8.25,5.5,5.5,4,234,390,375,52,,28,23,39.5,34.5,27.5,3.59513,31,15.216,51.5,28,23.5,22,385,365,355,355,355,55.5,23.5,22,
Q1-2020,49.25,26.75,25.25,21.09659,23.5,,350,,340,7.60197,4.29799,2.40625,27,21,18,13,16.5,12,17,9,9,13,9.5,5.5,20.9,8,5,5.5,4,213,355,350,50,,27,22.5,39.25,34.25,27.25,3.35475,30,13.516,51.25,36,23,20,350,350,345,345,345,53.5,23,20,
Q2-2020,47.5,25.75,24.5,20.64773,23,,280,,270,6.31536,3.56685,1.92304,27,20.5,18,13.5,15.5,10.5,15,8,8,12.5,8.5,5.5,20.4,7,4,5,3.5,189,295,280,49,,27,20.5,37.5,32.5,26.25,2.68632,29,11.753,49.5,35,22.5,19,285,275,305,285,295,52,22.5,19,
Q3-2020,46.5,25.5,24,20.64773,23,,345,,360,7.70688,4.34592,2.46888,27,20,18,13.25,15.5,10.75,14.75,8.5,8,12.75,8.25,5.5,20.1,6.75,3.75,5,3.5,163,360,360,49,,26.5,20.5,37.5,32.5,26,3.44016,29.5,10.092,48.5,35,22.5,18,360,350,370,370,370,52,22.5,18,
Q4-2020,46.5,25.5,24,20.64773,23,,405,,405,8.88515,5.00905,2.8469,26.5,19.5,18,13.75,15.5,10.75,14.75,8.25,8,12.75,8.25,5.5,20.1,6.75,3.75,5,3.5,144,415,415,49,,26.5,20.5,37.5,32.5,26,3.94914,29.5,8.675,48.5,35.5,22,17.75,415,405,415,415,415,52,22,17.75,
Q1-2021,51.5,28.25,26.25,21.99432,24.5,,475,,475,10.705,6.0075,3.4295,35,27.25,,19.5,,14.5,19.25,11.5,11.5,17.5,13,8,,10,5.5,6.75,5,137,500,500,52,,29.5,24.5,40,35,28.75,4.732,31.5,8.082,53.5,41,27,22.5,500,475,485,485,485,56,27,22.5,
Q2-2021,59,31.5,29.5,23.56534,26.25,,545,,530,12.4178,6.94086,3.93933,37.5,30.5,,21,,18,20.5,13.75,13.5,20.5,15.75,9.5,,13.25,8,7.5,5.5,138,580,575,53,,32.5,26.5,45,40,32,5.42168,34.5,7.824,62.5,43.5,29.5,26.5,575,535,565,565,565,57,29.5,26.5,
Q3-2021,60.25,33.75,31.75,26.03409,29,,575,,580,12.62187,7.0505,4.00901,41,33.75,,25,,21,24.5,17,14,21.5,17,12,,15.75,9,10.5,7.5,145,590,585,57,,36,29,47,43,34.25,5.50427,38,8.03,63.5,46,33,31,590,580,590,585,585,61,33,31,
Q4-2021,60.5,34.25,32.5,26.48295,29.5,,560,,565,12.62187,7.05227,4.00608,42,33,,23.5,,21,25.5,17,14.5,21,16.75,13.25,,15.75,9.5,10.5,8,145,590,585,59.5,,37,30,49,44.5,34.75,5.50836,40.5,7.832,64,47,33,30,590,560,585,585,580,63,33,30,
Q1-2022,61.5,35,33,26.48295,29.5,,645,,650,14.22635,7.92946,4.55592,40,31.5,,25.5,,22.5,28,18.5,15.5,20.5,17,13.25,,17.5,13,12.5,10,137,665,665,59.5,,40,32,53,47.5,35.5,6.26098,42.5,7.296,65,47,35.5,33,665,650,660,665,665,63,35.5,33,
Q2-2022,64,36.5,34.5,27.38068,30.5,,580,,585,12.73181,7.07396,4.1112,46.5,37,,29,,23.5,28.5,19.5,15.5,24,19.25,13.75,,18.5,14.5,13.75,10.75,128,595,600,62.5,,41.5,32.5,55.5,49.75,37,5.64,44,6.665,68.5,53,38,34.5,600,585,590,595,595,66,38,34.5,
Q3-2022,64,36,33.5,26.93182,30,,575,,580,12.93611,7.18438,4.24638,39.5,30,,22.25,,21,26,18,14,19,15.5,12,,15.25,11.75,11,8.5,123,605,620,56.5,,37,30,55.5,49.5,36.5,5.81622,37.5,6.359,68,47,31,30,610,580,580,585,585,60,31,30,
Q4-2022,60.5,33,30.5,25.58523,28.5,,525,,530,11.025,5.775,3.31886,35,28,,22.5,,18,23.5,16,13.5,18.5,14.75,10,,14.75,10,10,7.5,121,505,515,52.5,,35.5,27.5,51,41.5,33.5,4.77,36.5,6.206,64,43,30,28,510,525,520,525,520,56,30,28,
Q1-2023,61.5,33.5,32.5,26.48295,29.5,,560,,575,12.39,6.655,3.85113,,32.5,,24,,21,26,18.5,15,20.5,15.75,10.25,,15.5,10,12.25,8.25,128,590,615,64,,38,31,50.5,41,34,5.535,39,6.603,64.5,53.5,32.5,31.5,605,570,500,510,505,68,32.5,31.5,
Q2-2023,63.5,34,33,26.93182,30,,555,,565,11.76,6.325,3.63196,,30,,21.5,,19.75,25,17,14,18,14.5,9.5,,14.25,9,11,7.25,109,560,580,61.5,,36,31.5,52,41.5,34.5,5.22,37.5,5.631,66.5,48.5,31.5,29.5,575,560,500,510,505,65.5,31.5,29.5,
Q3-2023,64.5,34.25,33,26.93182,30,,530,,540,11.13,5.885,3.38148,,29,,22,,20,25,16.5,13.5,20,14.5,8,,13.75,7.5,10,6.25,104,495,505,62,,35,32,52,41.75,35,4.86,37,5.356,67.5,47,32,28.5,500,535,525,540,535,65,32,28.5,
Q4-2023,67,34.5,33,26.93182,30,,500,,510,10.605,5.665,3.25624,,31,,24,,19.5,26.5,17,14.5,20.5,15,8.5,,13.75,7.5,11,6.75,105,485,505,68,,37,33,53.5,42,35.5,4.68,39.5,5.455,70,52.25,34,30.5,495,505,505,520,515,71,34,30.5,
Q1-2024,68.5,36,34,27.15625,30.25,,480,,490,10.815,5.72,3.31886,,43,,29,,27,27,20,15.5,29,19.5,12,,16.5,11,12.5,8.75,118,515,530,76,,41.5,34,55,43.5,37.5,4.77,43.5,6.295,72,62,37.5,34,520,485,510,525,520,78.5,37.5,34,
Q2-2024,76.5,36.25,34,27.38068,30.5,,520,,530,10.92,5.83,3.38148,,45,,29.5,,28.5,28.5,21,16,29,19.5,12,,16.5,11,12.75,8.75,124,520,540,77,,42,35,60,46.5,37.5,4.86,43.5,6.584,80,64,38.5,36.75,530,525,505,515,510,79.5,38.5,36.75,
Q3-2024,76.5,36.5,35,27.60511,30.75,,470,,480,10.185,5.39,3.09969,,45,,25.75,,25,27.5,20.5,18,28.5,16.75,11,,15.5,10,12.75,8.5,149,485,495,77,,41,34,60,47,37.5,4.455,41.5,7.981,80,64,36.5,35.75,490,475,465,475,470,79.5,36.5,35.75,
Q4-2024,76,36.5,34.75,27.38068,30.5,,465,,475,9.975,5.28,3.03707,,43,,24.5,,23.25,26.25,19,16.5,26.5,15.25,8.75,,14.75,8.75,12,8,155,475,485,75.5,,39,34.25,60,46.5,37.5,4.365,40,8.24,80,62,34,32.5,480,470,455,465,460,78,34,32.5,
Q1-2025,74,,34.5,27.38068,30.5,,440,,450,9.45,5.005,2.88052,,45,,25,,23.5,25.5,17.75,17.5,28.5,15.75,8.5,,15.25,8.5,12,7.75,168,450,460,76,,38,33,59,46,37,4.14,38.5,8.822,78,63,32.5,31.5,455,445,435,445,440,79.5,32.5,31.5,
Q2-2025,73.5,,33.5,26.93182,30,,420,,430,9.135,4.84,2.78659,,46,,23.5,,22.5,25.5,19,17,27,15,8.25,,14.5,8.25,11.75,8,170,435,445,76,,38,32.5,58,45.5,36.5,4.005,38,8.87,77,63,30.5,30.5,440,425,430,440,435,79.5,30.5,30.5,
Q3-2025,73.5,,33.25,26.25852,29.25,,425,,430,8.925,4.73,2.72397,,50,,26,,24,26.5,20.5,17,27.5,16,9.5,,16,9.25,12,7.5,169,395,405,78,,38.5,33,58,45.25,36.25,3.915,39.5,8.922,77,65,32.5,31.75,400,430,425,435,430,82,32.5,31.75,
Q4-2025,75,,33.25,26.25852,29.25,,375,,385,8.295,4.4,2.53611,,50.5,,26,,24.5,27,20.25,19,31.5,17,9,,15.75,9.75,11.75,8.25,191,395,405,78,,38.5,34,58.5,44,36.25,3.645,39.5,10.095,78,66,33,32,400,380,395,405,400,83,33,32,
Q1-2026,75,,33.5,26.48295,29.5,,420,,430,8.925,4.73,2.72397,,52.5,,28.5,,28.5,29,22,22,34.5,19.25,10,,16,9.75,12.5,8.5,236,425,435,80.5,,42,36,58,40,36.5,3.915,42.5,12.688,78,68.5,37,37,430,425,420,430,425,85.5,37,37,56.5
