period,tanker_ulcc_350k_hist_usdm,tanker_vlcc_300k_5yr_usdm,tanker_vlcc_300k_10yr_usdm,tanker_vlcc_250k_hist_usdm,tanker_suezmax_160k_5yr_usdm,tanker_suezmax_158k_10yr_usdm,tanker_suezmax_140k_hist_usdm,tanker_aframax_85k_hist_usdm,tanker_panamax_60k_hist_usdm,tanker_aframax_115k_5yr_usdm,tanker_aframax_115k_10yr_usdm,tanker_aframax_86k_15yr_usdm,tanker_handy_38k_5yr_usdm,tanker_handy_38k_10yr_usdm,tanker_products_40k_5yr_usdm,tanker_products_40k_hist_usdm,tanker_products_30k_hist_usdm,index_bulk_tanker_5yr,ratio_bulk_5yr_nb,tanker_vlcc_250k_10yr_usdm,tanker_aframax_97k_20yr_usdm,tanker_lr1_75k_10yr_usdm,tanker_panamax_70k_15yr_usdm,tanker_panamax_65k_20yr_usdm,tanker_mr_51k_5yr_usdm,tanker_mr_50k_10yr_usdm,tanker_mr_50k_15yr_usdm,tanker_lr1_75k_5yr_usdm,tanker_aframax_86k_10yr_usdm,tanker_vlcc_265k_15yr_usdm,tanker_vlcc_300k_resale_usdm,tanker_suezmax_160k_resale_usdm,tanker_aframax_115k_resale_usdm,tanker_suezmax_150k_15yr_usdm,tanker_mr_51k_resale_usdm,tanker_suezmax_158k_15yr_usdm,tanker_aframax_115k_15yr_usdm,tanker_handy_38k_resale_usdm,tanker_lr1_75k_resale_usdm,tanker_lr1_75k_15yr_usdm,tanker_vlcc_300k_15yr_usdm,tanker_handy_37k_15yr_usdm,tanker_lr2_115k_5yr_usdm,tanker_lr2_115k_resale_usdm,tanker_aframax_hist_10yr_usdm,tanker_lr2_115k_10yr_usdm,tanker_lr2_115k_15yr_usdm
Q1-1976,,12.0,,,,,,,,8.0,,,6.5,,,,,45.92535,34.87357,,,,,,,,,,,,,,,,,,,,,,,,,,,,
Q2-1976,,14.0,,,,,,,,6.5,,,7.0,,,,,47.56379,38.54251,,,,,,,,,,,,,,,,,,,,,,,,,,,,
Q3-1976,,15.0,,,,,,,,7.75,,,7.0,,,,,48.47335,38.58764,,,,,,,,,,,,,,,,,,,,,,,,,,,,
Q4-1976,,15.0,,,,,,,,8.5,,,8.0,,,,,49.35565,37.55697,,,,,,,,,,,,,,,,,,,,,,,,,,,,
Q1-1977,,15.0,,,,,,,,9.0,,,8.0,,,,,46.71424,31.21756,,,,,,,,,,,,,,,,,,,,,,,,,,,,
Q2-1977,,18.0,,,,,,,,8.5,,,7.5,,,,,44.43157,28.21346,,,,,,,,,,,,,,,,,,,,,,,,,,,,
Q3-1977,,18.0,,,,,,,,7.0,,,9.0,,,,,44.46183,25.91702,,,,,,,,,,,,,,,,,,,,,,,,,,,,
Q4-1977,,16.0,,,,,,,,6.75,,,9.0,,,,,43.14624,24.06611,,,,,,,,,,,,,,,,,,,,,,,,,,,,
Q1-1978,,13.0,,,,,,,,6.75,,,8.5,,,,,38.70908,20.80965,,,,,,,,,,,,,,,,,,,,,,,,,,,,
Q2-1978,,12.0,,,,,,,,6.25,,,9.5,,,,,42.42493,21.2091,,,,,,,,,,,,,,,,,,,,,,,,,,,,
Q3-1978,,10.0,,,,,,,,7.75,,,8.0,,,,,42.04814,18.66742,,,,,,,,,,,,,,,,,,,,,,,,,,,,
Q4-1978,,10.0,,,,,,,,9.5,,,12.0,,,,,57.46097,27.5905,,,,,,,,,,,,,,,,,,,,,,,,,,,,
Q1-1979,,15.0,,,,,,,,11.0,,,14.0,,,,,66.81025,31.18697,,,,,,,,,,,,,,,,,,,,,,,,,,,,
Q2-1979,,18.0,,,,,,,,13.5,,,16.0,,,,,93.19316,54.65519,,,,,,,,,,,,,,,,,,,,,,,,,,,,
Q3-1979,,20.0,,,,,,,,17.5,,,13.0,,,,,93.22199,50.86574,,,,,,,,,,,,,,,,,,,,,,,,,,,,
Q4-1979,,24.0,,,,,,,,20.0,,,14.0,,,,,97.24176,53.09944,,,,,,,,,,,,,,,,,,,,,,,,,,,,
Q1-1980,,28.0,,,,,,,,20.0,,,15.0,,,,,100.35354,50.63263,,,,,,,,,,,,,,,,,,,,,,,,,,,,
Q2-1980,,30.0,,,,,,,,17.0,,,15.0,,,,,105.50744,50.11727,,,,,,,,,,,,,,,,,,,,,,,,,,,,
Q3-1980,,27.0,,,,,,,,15.5,,,16.0,,,,,105.25143,48.84334,,,,,,,,,,,,,,,,,,,,,,,,,,,,
Q4-1980,,25.0,,,,,,,,16.0,,,18.0,,,,,112.67726,50.26525,,,,,,,,,,,,,,,,,,,,,,,,,,,,
Q1-1981,,20.0,,,18.5,,,,,15.5,,,16.75,,,,,119.05779,50.46958,,,,,,,,,,,,,,,,,,,,,,,,,,,,
Q2-1981,,20.0,,,13.0,,,,,15.5,,,14.5,,,,,107.12846,49.49264,,,,,,,,,,,,,,,,,,,,,,,,,,,,
Q3-1981,,14.0,,,10.75,,,,,14.0,,,13.0,,,,,93.11337,42.89909,,,,,,,,,,,,,,,,,,,,,,,,,,,,
Q4-1981,,14.0,,7.25,10.5,,13.0,,,13.5,,,9.5,,,,9.5,75.5481,35.56499,,,,,,,,,,,,,,,,,,,,,,,,,,,,
Q1-1982,7.0,12.0,,5.75,10.0,,10.0,,20.5,13.0,,,11.0,,,,8.0,75.35904,35.45858,,,,,,,,,,,,,,,,,,,,,,,,,,,,
Q2-1982,5.5,8.0,,4.5,8.0,,7.5,,20.0,11.0,,,11.5,,,,8.0,65.8126,30.35601,,,,,,,,,,,,,,,,,,,,,,,,,,,,
Q3-1982,5.5,8.0,,4.5,9.5,,7.5,,17.0,11.0,,,11.5,,,,7.0,66.7785,37.65892,,,,,,,,,,,,,,,,,,,,,,,,,,,,
Q4-1982,4.5,6.0,,3.5,7.0,,7.0,,14.0,11.0,,,10.0,,,,7.0,53.51732,28.41035,,,,,,,,,,,,,,,,,,,,,,,,,,,,
Q1-1983,4.5,4.9,,3.5,6.0,,6.5,,13.0,11.0,,,10.0,,,,7.0,59.93805,37.66177,,,,,,,,,,,,,,,,,,,,,,,,,,,,
Q2-1983,4.5,4.0,,3.5,9.0,,7.0,,13.0,12.0,,,11.0,,,,7.5,66.31023,37.86365,,,,,,,,,,,,,,,,,,,,,,,,,,,,
Q3-1983,5.5,6.25,,4.75,11.0,,9.5,,13.0,14.0,,,13.0,,,,8.5,69.16508,34.7197,,,,,,,,,,,,,,,,,,,,,,,,,,,,
Q4-1983,6.0,6.25,,5.0,11.0,,9.5,,15.0,13.0,,,12.0,,,,8.5,67.34681,38.00905,,,,,,,,,,,,,,,,,,,,,,,,,,,,
Q1-1984,6.0,7.0,,4.75,10.0,,8.0,,14.0,13.0,,,12.0,,,,7.5,70.2582,43.09789,,,,,,,,,,,,,,,,,,,,,,,,,,,,
Q2-1984,10.0,8.25,,8.0,10.5,,8.0,,12.0,12.5,,,11.0,,,,7.0,66.19185,40.20513,,,,,,,,,,,,,,,,,,,,,,,,,,,,
Q3-1984,6.5,11.0,,5.0,11.5,,8.0,,11.5,12.5,,,9.0,,,,7.0,62.13035,40.83541,,,,,,,,,,,,,,,,,,,,,,,,,,,,
Q4-1984,6.0,12.0,,4.75,10.5,,7.0,,10.5,12.5,,,8.0,,,,6.0,58.24186,39.70688,,,,,,,,,,,,,,,,,,,,,,,,,,,,
Q1-1985,5.5,12.0,,4.75,9.0,,5.5,,7.75,12.0,,,9.0,,,,4.75,57.04209,38.93863,,,,,,,,,,,,,,,,,,,,,,,,,,,,
Q2-1985,5.0,10.0,,4.0,8.5,,5.0,,7.0,11.5,,,9.5,,,,4.5,54.09972,36.56707,,,,,,,,,,,,,,,,,,,,,,,,,,,,
Q3-1985,4.5,10.0,,3.5,8.5,,5.0,,6.0,10.0,,,6.5,,,,3.5,44.39757,32.22341,,,,,,,,,,,,,,,,,,,,,,,,,,,,
Q4-1985,6.5,10.0,,5.0,9.25,,5.0,,6.5,8.0,,,7.0,,,,4.5,45.24674,33.4086,,,,,,,,,,,,,,,,,,,,,,,,,,,,
Q1-1986,6.5,12.0,,5.5,9.0,,6.5,,7.0,10.25,,,6.0,,,,4.5,41.09254,26.70207,,,,,,,,,,,,,,,,,,,,,,,,,,,,
Q2-1986,10.0,15.0,,10.0,13.0,,8.5,,10.0,12.0,,,10.0,,,,5.5,58.91401,32.33945,,,,,,,,,,,,,,,,,,,,,,,,,,,,
Q3-1986,13.0,19.5,,10.5,14.5,,9.0,,10.5,12.5,,,11.0,,,,6.5,65.9505,34.56307,,,,,,,,,,,,,,,,,,,,,,,,,,,,
Q4-1986,12.0,27.0,,8.5,20.0,,9.5,,10.5,12.0,,,11.5,,,,6.25,73.06025,39.41685,,,,,,,,,,,,,,,,,,,,,,,,,,,,
Q1-1987,11.0,30.0,,7.75,20.0,,8.0,,10.0,12.5,,,11.5,,,,6.0,82.74779,48.7177,,,,,,,,,,,,,,,,,,,,,,,,,,,,
Q2-1987,14.0,34.0,,10.0,24.0,,10.5,,12.0,14.0,,,12.0,,,,6.5,94.02811,56.26328,,,,,,,,,,,,,,,,,,,,,,,,,,,,
Q3-1987,17.0,35.0,,13.5,24.0,,12.0,,12.0,15.0,,,13.0,,,,6.5,100.54866,54.93946,,,,,,,,,,,,,,,,,,,,,,,,,,,,
Q4-1987,17.0,37.5,,13.5,25.0,,11.5,,12.0,15.0,,,12.5,,,,6.5,109.07158,57.96413,,,,,,,,,,,,,,,,,,,,,,,,,,,,
Q1-1988,19.0,40.0,,14.5,27.0,,13.0,,12.75,15.5,,,14.0,,,,6.75,124.0527,65.71982,,,,,,,,,,,,,,,,,,,,,,,,,,,,
Q2-1988,22.0,45.0,,16.5,32.0,,14.3,11.0,13.5,20.0,,,15.25,,,15.0,7.25,140.02506,70.23915,,,,,,,,,,,,,,,,,,,,,,,,,,,,
Q3-1988,24.0,45.0,,18.0,32.0,,14.75,11.5,14.0,23.0,,,15.75,,,16.0,8.0,148.65139,75.52473,,,,,,,,,,,,,,,,,,,,,,,,,,,,
Q4-1988,28.0,50.0,,21.0,35.0,,16.0,11.5,14.0,25.0,,,16.5,,,16.5,8.5,158.0894,69.67102,,,,,,,,,,,,,,,,,,,,,,,,,,,,
Q1-1989,28.0,51.0,,21.0,38.0,,16.5,12.0,15.5,26.0,,,17.5,,,17.0,8.5,171.63362,72.97944,,,,,,,,,,,,,,,,,,,,,,,,,,,,
Q2-1989,33.0,53.0,,24.0,39.0,,20.0,13.0,16.0,31.0,,,18.0,,,18.0,8.5,181.2359,75.44056,,,,,,,,,,,,,,,,,,,,,,,,,,,,
Q3-1989,35.0,53.0,,26.0,40.0,,21.0,15.0,19.0,33.0,,,20.0,14.5,,21.0,9.0,190.02897,78.0418,,,,,,,,,,,,,,,,,,,,,,,,,,,,
Q4-1989,40.0,60.0,,28.0,42.0,,22.5,17.5,21.0,35.5,,,21.0,15.75,,21.0,9.0,197.48819,78.30888,,,,,,,,,,,,,,,,,,,,,,,,,,,,
Q1-1990,43.0,70.0,46.01594,30.0,44.0,31.13846,21.0,17.0,23.0,36.0,,,22.0,16.5,,21.0,9.0,201.00251,73.57817,,,,,,,,,,,,,,,,,,,,,,,,,,28.67622,,
Q2-1990,44.0,71.0,46.67331,30.0,44.5,31.49231,20.0,16.0,21.0,37.0,,,22.0,16.0,,21.0,9.0,195.10168,68.98227,,,,,,,,,,,,,,,,,,,,,,,,,,29.47278,,
Q3-1990,39.0,65.0,42.53608,27.0,40.0,27.76478,17.0,15.0,19.0,35.0,,,21.0,15.0,,21.0,9.0,179.52368,61.32169,,,,,,,,,,,,,,,,,,,,,,,,,,27.4528,,
Q4-1990,28.5,65.0,42.34308,22.0,39.0,26.54133,15.0,12.0,17.0,34.0,,,22.0,14.0,,21.0,7.0,174.47009,57.43959,,,,,,,,,,,,,,,,,,,,,,,,,,26.25378,,
Q1-1991,30.0,66.0,42.79854,23.0,39.0,26.01199,15.0,12.0,17.0,33.0,,,23.0,13.5,,21.0,6.5,174.70187,57.30991,,,,,,,,,,,,,,,,,,,,,,,,,,25.07914,,
Q2-1991,31.0,67.0,43.24806,23.0,39.0,25.48266,15.0,12.0,17.0,32.5,,,24.0,14.5,,21.0,6.0,193.17947,68.77551,,,,,,,,,,,,,,,,,,,,,,,,,,24.30279,,
Q3-1991,31.0,67.5,42.6715,20.0,39.0,25.81612,15.0,11.5,17.0,33.0,,,25.5,16.0,,19.5,7.0,204.90485,70.57008,,,,,,,,,,,,,,,,,,,,,,,,,,23.387,,
Q4-1991,24.0,65.0,40.22507,20.0,40.0,26.8201,14.5,11.0,17.5,32.0,,,19.0,13.0,,16.0,6.0,192.59054,69.25862,,,,,,,,,,,,,,,,,,,,,,,,,,21.4277,,
Q1-1992,16.0,61.0,36.93698,13.0,37.5,25.46448,10.0,7.0,15.0,35.0,,,18.0,13.0,22.5,14.5,5.0,211.56728,65.16446,,,,,,,,,,,,,,,,,,,,,,,,,,22.0687,,
Q2-1992,15.0,61.0,36.12427,12.0,37.5,25.78512,8.5,6.5,12.0,35.0,,,18.0,11.0,22.5,11.0,3.5,212.56927,70.08026,,,,,,,,,,,,,,,,,,,,,,,,,,20.70085,,
Q3-1992,15.0,61.0,36.74608,12.0,37.5,25.75348,6.0,5.0,11.0,25.0,,,17.0,10.0,22.0,11.0,3.5,197.22706,67.4036,,,,,,,,,,,,,,,,,,,,,,,,,,14.92595,,
Q4-1992,11.0,58.0,35.53013,9.5,32.5,22.29225,5.0,4.0,10.0,23.0,,,15.5,9.5,20.0,9.5,3.5,192.68687,70.79064,,,,,,,,,,,,,,,,,,,,,,,,,,13.86033,,
Q1-1993,11.0,57.5,35.80997,9.0,33.0,22.60736,6.0,4.0,11.0,26.5,,,15.5,11.0,19.75,10.0,3.25,202.51982,78.05704,,,,,,,,,,,,,,,,,,,,,,,,,,16.11751,,
Q2-1993,13.0,57.5,36.3961,10.0,32.0,21.89528,7.5,5.0,12.5,27.0,,,16.5,11.0,21.0,10.0,3.25,211.86686,77.55359,,,,,,,,,,,,,,,,,,,,,,,,,,16.57241,,
Q3-1993,14.0,60.0,38.04929,11.0,32.0,21.83979,8.0,6.0,12.5,27.5,,,16.5,10.5,20.5,9.5,3.0,212.0634,77.3289,,,,,,,,,,,,,,,,,,,,,,,,,,17.39041,,
Q4-1993,14.0,55.0,34.94337,11.0,33.0,22.46505,7.5,4.75,11.5,30.0,,,17.0,10.5,21.0,10.0,3.0,206.7167,73.06241,,,,,,,,,,,,,,,,,,,,,,,,,,19.52893,,
Q1-1994,12.0,47.5,30.23438,10.0,33.0,22.40782,5.75,4.5,11.5,30.0,,,17.0,11.0,20.0,10.5,3.0,199.04584,75.15358,,,,,,,,,,,,,,,,,,,,,,,,,,20.0865,,
Q2-1994,11.0,47.5,30.29038,9.0,33.5,22.68924,6.0,5.0,12.0,31.0,,,17.0,11.0,20.0,11.0,3.25,208.37719,80.80158,,,,,,,,,,,,,,,,,,,,,,,,,,21.3322,,
Q3-1994,11.0,47.5,30.8758,9.0,34.0,23.2046,5.5,4.5,11.0,32.0,,,17.0,11.0,20.0,11.0,3.25,209.5815,83.06651,,,,,,,,,,,,,,,,,,,,,,,,,,22.41689,,
Q4-1994,10.0,47.5,31.46121,8.0,34.0,23.38131,5.5,4.5,11.0,32.0,,,17.0,11.0,20.0,11.0,3.25,213.51542,83.82232,,,,,,,,,,,,,,,,,,,,,,,,,,22.81345,,
Q1-1995,10.0,45.0,30.35996,8.0,34.0,23.55802,6.5,4.75,12.5,30.0,,,18.0,11.0,22.0,11.0,3.25,219.06052,83.55329,,,,,,,,,,,,,,,,,,,,,,,,,,21.75938,,
Q2-1995,11.0,48.0,32.97553,8.0,36.0,25.13089,6.0,4.5,13.0,30.0,,,18.0,11.0,21.0,11.0,3.25,218.38091,81.37538,,,,,,,,,,,,,,,,,,,,,,,,,,22.13115,,
Q3-1995,12.0,54.0,37.80137,10.0,38.0,26.6187,7.0,6.0,13.5,32.0,,,18.5,12.0,21.5,11.5,4.0,221.68074,82.89499,,,,,,,,,,,,,,,,,,,,,,,,,,23.70183,,
Q4-1995,12.0,54.0,38.50526,10.0,38.0,26.71035,6.5,6.0,13.5,32.0,,,18.5,13.0,22.5,12.0,3.5,223.36671,83.12975,,,,,,,,,,,,,,,,,,,,,,,,,,23.79711,,
Q1-1996,15.0,59.0,42.83963,12.0,43.0,30.32858,7.75,6.75,14.0,35.0,,,21.0,15.0,24.0,13.0,4.0,223.67277,74.88556,,,,,,,,,,25.0,,,,,,,,,,,,,,,,25.0,,
Q2-1996,15.0,59.0,43.6087,12.0,43.0,30.43228,7.5,6.5,13.0,35.0,,,22.0,15.0,25.0,13.0,4.5,225.76555,74.28752,,,,,,,,,32.0,25.0,,,,,,,,,,,,,,,,25.0,,
Q3-1996,14.5,58.5,43.94798,13.0,42.5,30.17268,7.0,6.0,12.5,34.5,,,21.0,14.5,24.5,13.0,4.5,214.53595,68.32274,,,,,,,,,32.0,24.5,,,,,,,,,,,,,,,,24.5,,
Q4-1996,14.5,58.5,44.65683,13.0,42.5,30.26694,7.5,6.0,12.5,34.5,,,22.0,14.5,24.5,13.0,4.5,216.84797,70.29613,,,,,,,,,31.5,24.5,,,,,,,,,,,,,,,,24.5,,
Q1-1997,13.5,60.0,46.52891,12.0,41.0,29.28963,7.0,5.75,12.5,36.0,,,23.5,15.5,27.0,14.0,4.5,231.2823,77.84279,,,,,,,,,32.0,25.0,,,,,,,,,,,,,,,,25.0,,
Q2-1997,13.0,60.0,47.25594,11.0,42.0,30.09717,6.5,5.0,13.5,36.0,,,23.5,15.5,27.0,13.5,4.5,228.59621,72.55293,,,,,,,,,32.5,26.0,,,,,,,,,,,,,,,,26.0,,
Q3-1997,15.0,63.0,47.13201,13.0,44.0,32.13049,6.5,5.0,12.5,36.0,,,23.5,15.5,27.0,14.0,4.5,233.12031,74.48213,,,,,,,,,32.5,27.0,,,,,,,,,,,,,,,,27.0,,
Q4-1997,17.0,65.0,46.0626,15.0,44.0,32.73061,6.5,5.0,13.5,36.0,,,23.5,15.5,27.0,14.0,4.5,230.81178,75.85878,,,,,,,,,32.5,27.0,,,,,,,,,,,,,,,,27.0,,
Q1-1998,15.0,62.5,41.82397,13.0,43.0,32.57322,6.5,5.0,13.5,36.0,,,23.5,15.5,27.0,12.0,4.5,221.46767,73.59143,,,,,,,,,32.5,27.0,,,,,,,,,,,,,,,,27.0,,
Q2-1998,15.0,60.0,37.78271,13.0,43.0,33.1597,6.5,5.0,12.5,32.0,,,22.0,15.5,24.0,12.0,3.75,202.23107,70.77484,,,,,,,,,29.0,21.0,,,,,,,,,,,,,,,,21.0,,
Q3-1998,13.0,52.0,33.39235,10.0,38.0,28.83112,4.0,3.5,11.0,28.0,,,20.0,14.0,22.0,10.0,2.5,178.76563,66.87282,,,,,,,,,27.0,18.0,,,,,,,,,,,,,,,,18.0,,
Q4-1998,9.0,50.0,32.73047,6.0,36.5,27.23891,3.25,2.75,9.0,23.5,,,16.5,11.5,21.0,7.5,2.25,162.97575,65.2188,,,,,,,,,25.25,15.0,,,,,,,,,,,,,,,,15.0,,
Q1-1999,8.0,53.0,35.35408,6.0,36.0,26.41786,3.25,0.0,8.5,24.5,,,15.5,11.0,20.5,8.5,2.0,164.24871,70.00387,,,,,,,,,25.0,15.0,,,,,,,,,,,,,,,,15.0,,
Q2-1999,8.0,53.0,36.01387,6.0,36.0,25.96994,3.25,0.0,8.0,26.0,,,16.0,11.5,20.5,8.5,2.0,172.59688,77.61387,,,,,,,,,24.5,17.5,,,,,,,,,,,,,,,,17.5,,
Q3-1999,8.0,53.0,35.8781,6.0,35.0,24.96215,3.25,0.0,7.0,26.0,,,16.0,11.5,20.5,7.5,2.0,174.72351,78.96463,,,,,,,,,24.5,17.0,,,,,,,,,,,,,,,,17.0,,
Q4-1999,7.0,53.0,35.74234,5.5,35.0,24.67576,3.25,0.0,7.0,26.0,,,16.0,11.5,20.0,7.5,2.0,177.73703,81.0218,,,,,,,,,24.5,17.0,,,,,,,,,,,,,,,,17.0,,
Q1-2000,5.75,60.0,40.30934,5.0,40.0,27.87355,3.5,0.0,7.0,29.0,,,17.0,12.0,21.0,5.0,2.0,188.37005,81.76675,,,,,,,,,25.75,21.0,,,,,,,,,,,,,,,,21.0,,
Q2-2000,8.0,66.5,44.50584,7.5,45.0,30.98951,5.5,8.5,7.25,33.0,,,17.5,12.5,23.0,5.5,2.0,193.65662,80.36699,,,,,,,,,28.02646,23.5,,,,,,,,,,,,,,,,23.5,,
Q3-2000,10.0,71.0,46.26795,8.5,48.5,32.73715,6.0,9.5,8.0,36.5,,,18.5,13.0,24.5,6.0,2.25,204.68028,81.19015,,,,,,,,,30.04564,27.5,,,,,,,,,,,,,,,,27.5,,
Q4-2000,10.0,71.0,45.01839,8.5,49.0,32.40516,6.0,10.0,8.0,40.0,,,18.5,14.0,24.5,7.0,2.25,205.04523,79.98388,,,,,,,,,30.59423,24.0,,,,,,,,,,,,,,,,24.0,,
Q1-2001,9.0,69.0,42.5359,7.0,47.0,30.44034,4.75,8.5,6.75,39.5,,,20.0,12.0,25.0,6.75,1.5,202.82568,75.97637,,,,,,,,,31.08031,23.5,,,,,,,,,,,,,,,,23.5,,
Q2-2001,9.0,69.0,41.32154,7.5,49.0,31.06618,4.75,9.0,6.75,40.0,,,20.0,13.0,25.0,7.0,1.5,203.19845,76.08588,,,,,,,,,31.34568,23.5,,,,,,,,,,,,,,,,23.5,,
Q3-2001,6.0,64.0,37.53211,5.5,44.0,27.82674,3.5,7.5,6.5,37.0,,,19.0,12.5,24.5,6.25,1.5,189.97622,72.74377,,,,,,,,,29.56763,22.0,,,,,,,,,,,,,,,,22.0,,
Q4-2001,,58.0,45.0,,39.0,26.0,3.0,,5.5,30.0,24.5,12.0,17.0,11.5,20.5,5.0,1.25,174.3376,74.15701,25.0,6.0,16.0,12.0,6.0,21.0,16.0,12.0,23.5,18.5,18.0,,,,,,,,,,,,,,,24.5,,
Q1-2002,,56.0,43.0,,39.0,24.0,,,,28.0,22.0,11.0,16.0,11.0,,,,172.05994,78.20792,25.0,5.5,16.5,12.0,5.5,20.5,15.5,11.0,21.5,17.5,17.0,,,,,,,,,,,,,,,22.0,,
Q2-2002,,56.0,43.0,,39.5,24.0,,,,28.0,22.0,11.0,16.0,11.0,,,,174.81155,78.05614,25.0,5.5,16.5,12.0,5.5,20.5,15.5,11.0,21.5,18.5,18.0,,,,,,,,,,,,,,,22.0,,
Q3-2002,,53.0,40.0,,38.0,22.0,,,,26.0,21.5,10.0,15.5,10.5,,,,169.62035,76.61011,23.0,5.0,14.5,10.5,4.75,20.0,15.0,10.5,20.0,18.0,14.0,,,,,,,,,,,,,,,21.5,,
Q4-2002,,54.0,40.0,,38.0,22.0,,,,29.0,24.0,10.0,15.5,10.5,,,,173.1941,78.2786,24.0,4.5,14.5,10.5,4.5,20.0,15.0,10.5,20.0,18.0,15.0,,,,,,,,,,,,,,,24.0,,
Q1-2003,,61.0,46.0,,44.0,22.5,,,,34.0,26.5,11.0,16.25,11.0,,,,200.79792,81.09274,25.0,6.0,15.0,11.0,4.5,26.5,17.0,11.0,27.0,18.0,17.0,,,,,,,,,,,,,,,26.5,,
Q2-2003,,61.0,44.0,,44.0,20.5,,,,33.0,25.0,8.0,22.5,11.0,,,,205.53831,83.00024,24.0,5.25,14.0,7.5,4.0,26.0,17.0,10.5,27.0,17.0,16.0,,,,,,,,,,,,,,,25.0,,
Q3-2003,,60.0,43.0,,43.0,19.0,,,,33.0,25.0,10.0,22.5,15.0,,,,210.51961,81.79626,24.0,6.0,14.0,7.0,4.0,26.0,17.0,10.5,27.0,16.0,17.5,,,,,,,,,,,,,,,25.0,,
Q4-2003,,70.0,55.0,,47.0,22.5,,,,36.0,27.0,13.5,24.5,16.0,,,,235.95159,90.55641,31.0,7.0,15.0,8.5,5.5,26.0,18.5,11.0,28.0,18.5,23.0,,,,,,,,,,,,,,,27.0,,
Q1-2004,,79.0,63.0,,51.0,27.0,,,,43.0,32.0,19.5,25.5,17.0,,,,301.03984,111.84749,37.0,9.0,18.0,12.0,5.5,32.0,22.0,12.0,33.0,24.0,29.0,,,,,,,,,,,,,,,32.0,,
Q2-2004,,85.0,66.0,,60.0,28.0,,,,47.0,34.0,20.0,27.5,18.0,,,,275.51127,90.82906,46.0,11.0,18.0,12.5,7.0,32.5,23.0,17.0,34.0,25.0,34.0,,,,,,,,,,,,,,,34.0,,
Q3-2004,,91.0,71.0,,62.0,35.0,,,,52.0,40.0,20.0,28.0,18.5,,,,305.82591,98.70964,52.0,13.0,21.75,13.0,8.5,34.0,26.0,18.0,36.0,27.0,37.0,,,,,,,,,,,,,,,40.0,,
Q4-2004,,108.0,85.0,,75.0,45.0,,,,57.5,44.0,25.5,31.0,20.0,,,,345.91547,101.09571,60.0,15.0,24.0,15.0,8.5,39.0,30.0,20.0,42.0,31.0,48.0,,,,,,,,,,,,,,,44.0,,
Q1-2005,,120.0,95.0,,75.0,42.0,,,,61.0,46.0,21.5,32.0,21.0,,,,385.03811,105.85769,55.0,14.0,23.0,14.0,8.0,44.0,32.0,21.0,42.0,,43.0,,,,,,,,,,,,,,,46.0,,
Q2-2005,,120.0,95.0,,77.0,67.0,,,,64.0,56.0,20.0,40.0,21.0,,,,397.1479,105.93684,,13.0,38.0,15.0,8.0,44.0,34.0,21.0,48.0,,54.0,140.0,90.0,,30.0,,,,,,,,,,,56.0,,
Q3-2005,,113.0,88.0,,75.0,65.0,,,,62.0,52.0,20.0,40.0,21.0,,,,382.04943,100.47887,,13.0,38.0,17.0,8.0,46.0,36.0,21.0,48.0,,48.0,132.5,85.0,65.0,28.0,,,,,,,,,,,52.0,,
Q4-2005,,117.0,90.0,,75.0,65.0,,,,63.0,54.0,21.5,40.0,21.0,,,,370.37387,93.53781,,14.0,39.0,18.0,8.5,47.0,38.0,23.0,48.0,,37.0,140.0,87.0,70.0,28.0,,,,,,,,,,,54.0,,
Q1-2006,,118.0,92.0,,76.0,64.0,,,,64.0,53.0,24.0,40.0,25.0,,,,372.99034,96.42696,,15.0,42.0,18.0,11.0,47.0,38.0,25.0,51.0,,37.0,140.0,83.0,74.0,30.0,,,,,,,,,,,53.0,,
Q2-2006,,116.0,91.0,,74.0,62.0,,,,63.0,48.0,22.0,40.0,27.0,,,,372.41992,96.12876,,14.5,40.0,17.0,11.0,45.0,36.0,24.0,50.0,,37.0,135.0,83.0,72.0,29.0,,,,,,,,,,,48.0,,
Q3-2006,,120.0,96.0,,82.0,72.0,,,,66.5,56.0,22.0,40.0,28.0,,,,421.92049,110.08184,,13.0,42.0,17.0,11.0,47.0,38.0,26.0,51.0,,40.0,145.0,94.0,75.0,30.0,,,,,,,,,,,56.0,,
Q4-2006,,118.0,96.0,,82.0,71.0,,,,66.5,53.0,21.0,44.0,31.0,,,,436.19503,111.09547,,13.0,42.0,17.0,11.0,47.5,39.0,27.0,56.0,,39.0,140.0,94.0,75.0,28.0,54.0,,,,,,,,,,53.0,,
Q1-2007,,116.0,95.0,,85.5,72.5,,,,64.5,56.0,21.0,41.5,33.0,,,,458.6828,116.41004,,13.0,45.5,17.0,11.0,47.0,40.5,26.5,55.5,,40.0,136.0,95.0,73.0,28.0,52.0,,,,,,,,,,56.0,,
Q2-2007,,130.0,110.0,,95.0,79.0,,,,68.5,58.5,27.5,44.5,36.0,,,,510.1344,125.25351,,18.0,49.0,18.0,13.0,51.0,44.0,26.5,59.0,,47.5,150.0,104.0,76.0,34.0,56.0,,,,,,,,,,58.5,,
Q3-2007,,130.0,107.0,,94.0,78.0,,,,68.5,58.5,26.0,44.5,36.0,,,,578.90161,143.79182,,16.0,50.5,17.0,12.0,52.0,43.0,29.0,60.5,,46.0,145.0,104.0,76.0,36.0,58.0,,,,,,,,,,58.5,,
Q4-2007,,135.0,110.0,,92.0,74.0,,,,70.0,60.0,30.0,44.5,36.0,,,,613.09038,150.39064,,16.0,50.5,17.0,12.0,52.0,42.0,28.0,60.5,,59.0,155.0,102.0,80.0,40.0,59.0,,,,,,,,,,60.0,,
Q1-2008,,145.0,125.0,,96.0,84.0,,,,70.0,59.0,,47.0,37.0,,,,610.67202,147.75746,,15.0,50.0,17.0,12.0,51.5,43.5,31.5,59.0,,46.0,167.0,105.0,80.0,,58.5,64.0,42.0,51.0,67.0,,,,,,59.0,,
Q2-2008,,155.0,135.0,,100.0,82.0,,,,75.0,60.0,,47.0,37.0,,,,634.74094,157.26703,,20.0,49.0,17.0,12.0,51.0,40.0,30.0,59.0,,45.0,185.0,112.0,85.0,,60.0,57.0,42.0,51.0,67.0,39.0,,,,,60.0,,
Q3-2008,,163.0,133.0,,105.0,83.0,,,,79.0,62.0,,47.0,37.0,,,,585.39297,133.58008,,22.0,50.0,17.0,12.0,52.0,41.0,26.0,60.0,,42.0,193.0,120.0,89.0,,62.0,58.0,40.0,52.0,70.0,39.0,,,,,62.0,,
Q4-2008,,104.0,74.0,,78.0,63.0,,,,54.0,43.0,,30.5,23.0,,,,304.28182,58.73737,,10.0,39.0,,7.0,37.0,27.0,17.0,49.0,,24.0,134.0,93.0,64.0,,47.0,43.0,28.0,39.0,59.0,24.0,,,,,43.0,,
Q1-2009,,93.0,68.0,,65.0,55.0,,,,50.0,35.0,,28.5,21.0,,,,289.87818,73.1285,,9.0,31.0,,7.0,33.0,24.0,18.0,41.0,,14.0,118.0,75.0,60.0,,43.0,37.0,20.0,36.0,51.0,17.0,,,,,35.0,,
Q2-2009,,82.0,62.0,,54.0,42.0,,,,40.0,29.0,,23.0,17.0,,,,275.0841,85.6253,,8.0,25.0,,6.0,27.0,20.0,15.0,35.0,,18.0,105.0,69.0,52.0,,36.0,32.0,17.0,31.0,45.0,15.0,,,,,29.0,,
Q3-2009,,79.0,59.0,,56.0,41.0,,,,39.0,27.0,,23.0,16.0,,,,273.1356,95.9152,,5.0,23.0,,4.0,26.0,18.0,13.0,33.0,,18.0,98.0,74.0,52.0,,33.5,26.0,14.0,30.0,43.0,13.0,,,,,27.0,,
Q4-2009,,79.0,59.0,,56.5,43.0,,,,41.5,24.0,,19.5,14.0,,,,267.05737,96.17075,,5.8,22.0,,4.65,23.0,15.5,10.0,35.0,,18.0,98.0,70.0,53.0,,32.0,28.0,13.0,28.0,45.0,12.0,,,,,24.0,,
Q1-2010,,81.0,60.0,,63.0,48.0,,,,44.0,32.0,,22.0,15.0,,,,290.01208,104.30078,,6.0,28.0,,4.75,26.0,18.5,12.5,38.0,,18.0,101.0,73.0,55.0,,34.0,26.0,17.0,30.0,48.0,12.0,,,,,32.0,,
Q2-2010,,93.0,68.0,,65.0,48.0,,,,45.0,32.0,,26.5,18.0,,,,313.8312,105.66735,,6.5,30.0,,5.25,28.5,21.0,13.5,40.0,,19.0,120.0,76.0,59.0,,38.0,28.0,17.0,34.0,50.0,15.0,,,,,32.0,,
Q3-2010,,93.0,68.0,,65.0,48.0,,,,47.0,32.0,,25.0,17.5,,,,306.30659,104.12872,,6.72,30.0,,5.25,28.0,20.0,12.5,40.0,,20.71575,120.0,76.0,61.0,,38.0,28.0,17.0,33.5,50.0,15.0,45.0,,,,32.0,,
Q4-2010,,85.0,60.0,,59.0,40.0,,,,40.0,28.0,,24.5,15.5,,,,281.05708,95.44883,,6.72,24.5,,5.25,26.0,18.5,11.0,36.0,,21.384,108.0,69.0,52.0,,36.0,24.0,15.0,32.0,46.0,13.0,38.0,,,,28.0,,
Q1-2011,,85.0,60.0,,59.0,40.0,,,,40.5,29.0,,27.0,15.5,,,,279.90762,91.20567,,7.76,24.5,,6.0625,29.0,19.0,11.0,36.0,,21.60675,104.0,69.0,51.0,,38.0,24.0,19.0,34.0,46.0,13.0,32.0,,,,29.0,,
Q2-2011,,83.0,58.0,,57.0,40.0,,,,40.0,27.5,,27.0,15.5,,,,279.92574,90.89393,,8.4,24.5,,6.5625,30.0,19.0,11.0,36.0,,23.38875,105.0,70.0,52.0,,40.0,23.0,15.0,36.0,46.0,13.0,32.0,,,,27.5,,
Q3-2011,,73.0,45.0,,48.0,33.0,,,,37.0,22.0,,27.0,15.5,,,,260.79287,88.53777,,8.72,22.0,,6.8125,30.0,19.0,11.0,34.0,,24.27975,98.0,63.0,48.0,,40.0,19.0,13.0,36.0,44.0,12.0,27.0,,,,22.0,,
Q4-2011,,58.0,36.0,,47.0,32.0,,,,35.0,20.0,,22.0,12.0,,,,238.0073,88.60315,,8.0,20.5,,6.25,26.0,16.0,9.0,31.0,,22.275,90.0,62.0,50.0,,36.0,19.0,12.5,32.0,41.0,11.0,25.0,,,,20.0,,
Q1-2012,,63.0,39.0,,44.5,29.0,,,,30.0,18.0,,24.0,15.0,,,,225.95639,83.91579,,,17.0,,,26.0,17.0,10.0,26.0,,,88.0,59.0,42.5,,35.0,16.0,10.0,32.0,36.0,10.0,27.0,,,,18.0,,
Q2-2012,,65.0,40.0,,47.0,32.0,,,,32.0,18.0,,24.0,15.0,,,,222.07216,80.36065,,,17.0,,,26.0,17.0,9.0,26.0,,,90.0,62.0,45.0,,36.0,19.0,9.0,32.0,36.0,9.0,30.0,,,,18.0,,
Q3-2012,,62.0,40.0,,43.0,29.0,,,,28.5,17.0,,22.0,14.0,,,,202.94531,74.63584,,,17.0,,,24.0,16.0,9.0,26.0,,,87.0,58.0,41.0,,34.0,19.0,9.0,32.0,36.0,9.0,28.0,,,,17.0,,
Q4-2012,,57.0,37.0,,40.0,26.0,,,,27.5,17.0,,22.0,13.0,,,,198.80917,72.61874,,,16.5,,,25.0,16.5,10.0,25.0,,,82.0,55.0,40.0,,35.0,16.0,10.0,32.0,35.0,10.0,27.0,9.0,,,17.0,,
Q1-2013,,55.0,36.0,,40.0,26.0,,,,27.0,18.0,,22.0,13.0,,,,201.94919,75.3744,,,16.5,,,25.0,16.5,10.0,25.0,,,80.0,55.0,39.0,,35.0,16.0,10.0,32.0,35.0,10.0,25.0,9.0,,,18.0,,
Q2-2013,,55.0,34.0,,40.0,26.0,,,,28.0,20.0,,21.0,13.5,,,,209.84707,81.99871,,,17.5,,,24.0,16.5,10.0,27.0,,,80.0,55.0,40.0,,34.0,16.0,10.0,31.0,37.0,10.0,22.0,9.0,,,20.0,,
Q3-2013,,56.0,35.0,,40.0,24.0,,,,28.0,18.0,,23.0,14.0,,,,222.44002,83.06095,,,19.0,,,27.0,17.5,10.0,29.0,,,82.0,55.0,40.0,,37.0,14.0,8.0,33.0,39.0,11.0,22.0,9.0,33.0,45.0,18.0,,
Q4-2013,,60.0,41.0,,42.0,27.0,,,,32.0,22.0,,25.0,15.0,,,,240.69814,87.15105,,,21.0,,,29.0,19.0,11.0,31.0,,,83.0,57.0,43.0,,38.0,16.0,11.0,35.0,41.0,12.0,26.0,9.0,36.0,47.0,22.0,,
Q1-2014,,73.0,48.0,,50.0,34.0,,,,38.0,23.0,,26.0,16.0,,,,262.9894,92.30812,,,23.0,,,29.0,19.0,11.0,35.0,,,102.0,68.0,50.0,,39.0,16.5,13.0,36.0,45.0,12.0,28.0,10.0,42.0,54.0,23.0,,
Q2-2014,,74.0,49.0,,49.0,33.0,,,,37.0,23.0,,25.0,15.0,,,,245.5137,82.8913,,,22.0,,,27.0,18.0,11.0,32.5,,,104.0,68.0,50.0,,38.0,16.5,13.0,35.0,45.0,12.5,28.0,10.0,41.0,54.0,23.0,,
Q3-2014,,74.0,48.0,,50.0,34.0,,,,42.0,27.0,,23.0,15.0,,,,236.3306,79.80899,,,22.0,,,25.5,18.0,11.0,32.5,,,104.0,70.0,56.0,,37.0,15.0,13.0,33.0,45.0,12.5,28.0,10.0,44.5,59.0,27.0,,
Q4-2014,,77.0,52.0,,57.0,37.0,,,,42.0,27.0,,23.0,15.0,,,,225.60716,72.04319,,,23.5,,,25.0,16.0,10.0,33.5,,,105.0,72.0,57.0,,37.0,20.0,14.0,34.0,45.0,13.5,29.0,10.0,44.5,60.0,27.0,,
Q1-2015,,81.0,52.0,,57.5,41.0,,,,45.0,30.0,,24.0,16.0,,,,214.42534,60.87388,,,26.0,,,27.0,18.0,12.0,36.0,,,105.0,70.0,56.0,,37.0,22.0,16.0,34.0,46.0,16.0,31.0,10.0,47.5,59.0,30.0,,
Q2-2015,,80.0,55.0,,59.0,40.0,,,,45.0,31.0,,24.0,16.0,,,,211.05932,61.03049,,,25.0,,,27.0,18.0,12.0,36.0,,,105.0,70.0,56.0,,38.0,22.0,17.0,35.0,49.0,15.0,37.0,10.0,47.5,59.0,31.0,,
Q3-2015,,80.0,55.0,,61.0,42.0,,,,45.0,30.0,,24.5,17.0,,,,219.42689,65.03918,,,25.0,,,29.0,20.0,13.5,37.5,,,105.0,72.0,56.0,,38.5,27.0,18.0,35.0,50.0,15.0,38.0,11.5,47.5,59.0,30.0,,
Q4-2015,,80.0,55.0,,60.0,42.0,,,,46.0,31.0,,25.0,17.0,,,,201.41786,51.53551,,,24.0,,,29.0,19.5,12.0,35.0,,,100.0,70.0,55.0,,38.5,27.0,18.0,35.0,48.0,15.0,38.0,11.0,48.5,58.0,31.0,,
Q1-2016,,76.0,56.0,,53.5,40.0,,,,40.0,27.0,,26.0,18.5,,,,191.59535,50.2374,,,26.0,,,27.5,20.0,12.5,36.0,,,96.0,66.0,55.0,,37.0,26.0,17.0,34.0,46.0,16.0,36.0,12.0,42.5,58.0,27.0,,
Q2-2016,,64.0,44.0,,50.0,37.0,,,,37.0,24.0,,21.0,15.0,,,,176.23835,50.47727,,,22.0,,,24.0,17.0,12.0,32.5,,,86.0,62.5,52.0,,35.0,22.0,15.0,32.0,45.0,14.0,26.5,10.0,39.5,55.0,24.0,,
Q3-2016,,62.0,41.0,,44.0,31.5,,,,32.5,21.0,,20.0,15.0,,,,171.79767,53.51856,,,20.0,,,23.0,16.5,11.0,30.0,,,86.0,57.0,47.0,,34.0,20.0,15.0,31.0,43.0,13.0,26.0,10.0,35.0,50.0,21.0,,
Q4-2016,,60.0,40.0,,40.0,27.5,,,,29.0,18.0,,19.0,14.0,,,,169.0541,56.88654,,,17.0,,,22.0,15.5,10.0,28.0,,,84.0,55.0,44.0,,32.5,16.0,13.0,30.0,40.0,11.0,24.0,9.0,31.5,47.0,18.0,,
Q1-2017,,62.0,42.0,,42.0,27.5,,,,29.0,19.0,,21.0,15.0,,,,189.76363,69.35147,,,18.0,,,23.0,17.0,10.0,28.0,,,82.0,54.0,43.0,,33.0,15.0,12.0,31.0,38.0,11.0,25.0,9.0,31.0,45.5,19.0,,
Q2-2017,,65.0,41.0,,44.0,29.0,,,,31.0,20.0,,22.0,14.0,,,,194.78667,67.26521,,,17.0,,,25.0,16.0,9.0,27.5,,,86.0,57.5,45.0,,35.0,15.0,12.0,32.0,40.0,10.0,22.5,8.0,33.0,47.5,20.0,,
Q3-2017,,61.0,37.0,,39.0,24.0,,,,30.0,20.0,,21.0,13.0,,,,190.48757,68.66873,,,17.0,,,24.0,16.25,9.0,26.5,,,81.0,54.0,43.0,,34.0,14.0,10.0,30.0,39.0,10.0,21.0,8.0,32.0,45.5,20.0,,
Q4-2017,,64.0,41.0,,43.0,28.0,,,,32.0,22.0,,22.0,13.0,,,,198.18582,67.51563,,,19.0,,,25.0,17.5,10.0,28.0,,,84.0,56.0,45.0,,35.0,17.5,12.0,32.0,40.0,11.0,24.0,8.0,34.0,47.5,22.0,,
Q1-2018,,64.0,42.5,,43.5,27.5,,,,31.0,20.0,,23.0,13.0,,,,206.71764,69.72861,,,19.0,,,26.5,18.0,9.5,29.0,,,86.0,58.5,44.5,,36.0,17.0,11.0,33.0,41.0,10.5,25.0,8.0,33.0,47.0,20.0,,
Q2-2018,,64.0,40.0,,43.5,27.5,,,,32.0,20.0,,23.0,13.0,,,,210.47647,68.58311,,,18.0,,,26.75,17.0,9.0,30.0,,,87.0,58.5,46.0,,36.0,16.0,11.0,33.0,42.0,10.5,25.0,8.0,34.0,48.5,20.0,,
Q3-2018,,65.0,40.5,,44.5,27.0,,,,32.0,20.0,,23.0,13.0,,,,208.14318,65.01714,,,16.0,,,27.0,14.0,9.0,30.0,,,90.0,61.0,47.0,,36.0,14.5,11.0,33.0,42.0,10.0,25.0,8.0,34.0,49.5,20.0,,
Q4-2018,,66.0,43.0,,46.0,32.0,,,,33.0,21.0,,24.0,14.0,,,,210.36679,64.4369,,,17.5,,,27.5,16.5,9.5,30.0,,,94.0,66.0,48.0,,37.5,17.0,12.5,34.0,43.0,10.5,30.0,8.5,35.0,50.5,21.0,,
Q1-2019,,69.0,46.0,,50.0,35.0,,,,35.0,23.0,,24.0,13.5,,,,218.77462,68.5786,,,17.5,,,28.0,17.5,9.0,30.0,,,94.0,66.0,49.0,,37.5,20.0,14.0,34.0,42.5,10.0,31.0,8.0,37.0,51.5,23.0,,
Q2-2019,,71.0,47.5,,49.0,32.0,,,,38.0,25.0,,25.0,14.5,,,,223.87312,67.98537,,,18.5,,,30.0,19.0,10.0,31.0,,,96.0,66.5,53.0,,39.0,18.0,15.0,35.0,43.5,11.0,32.0,8.0,40.0,55.5,25.0,,
Q3-2019,,71.0,46.0,,50.0,34.0,,,,38.0,23.5,,24.0,13.5,,,,221.1546,67.92995,,,18.5,,,29.0,18.0,10.0,31.0,,,96.0,68.0,53.0,,39.0,19.0,14.0,34.0,43.5,11.0,32.5,8.0,40.0,55.5,23.5,,
Q4-2019,,75.0,53.0,,53.0,36.0,,,,41.0,30.0,,25.0,15.0,,,,226.53232,68.00044,,,20.0,,,30.0,19.0,12.0,32.5,,,100.0,72.0,56.0,,40.0,22.0,18.0,35.0,45.0,13.0,38.0,9.0,43.5,58.5,30.0,,
Q1-2020,,77.0,52.0,,53.0,37.5,,,,42.5,31.0,,26.0,15.5,,,,226.84019,66.45483,,,20.75,,,31.0,20.0,12.0,32.5,,,102.0,70.0,56.0,,40.0,26.0,18.0,36.0,45.0,13.75,35.0,10.5,44.5,58.5,31.0,,
Q2-2020,,69.0,47.0,,49.0,34.0,,,,37.5,26.0,,24.0,15.0,,,,208.13324,63.84902,,,19.0,,,27.5,18.0,12.0,30.0,,,94.0,64.0,50.0,,37.0,23.0,15.5,34.0,42.0,13.0,34.0,10.0,39.5,52.5,26.0,,
Q3-2020,,65.0,43.0,,45.0,30.0,,,,35.0,23.0,,23.0,14.0,,,,200.07447,63.04666,,,18.0,,,26.0,17.0,11.0,29.0,,,90.0,60.0,47.5,,36.0,21.0,15.0,33.0,40.0,12.0,30.0,9.0,37.0,50.0,23.0,,
Q4-2020,,63.0,43.0,,43.0,28.0,,,,32.5,20.5,,23.0,14.0,,,,196.8605,62.64238,,,18.0,,,26.0,17.0,11.0,29.0,,,88.0,58.0,45.0,,36.0,18.5,14.0,33.0,39.0,12.0,30.0,9.0,34.5,47.5,20.5,,
Q1-2021,,69.0,46.0,,45.0,30.0,,,,37.0,23.5,,23.5,14.5,,,,224.92734,72.59273,,,19.5,,,27.5,18.5,12.0,30.0,,,94.0,62.0,49.0,,36.0,20.0,14.5,33.0,40.0,13.0,32.5,8.0,39.0,51.5,23.5,,
Q2-2021,,71.0,49.0,,48.5,33.0,,,,40.0,26.0,,24.0,14.5,,,,241.84309,72.91986,,,22.0,,,27.5,19.5,13.0,33.0,,,96.0,66.0,54.0,,37.0,22.0,16.0,34.0,43.0,13.0,35.0,9.0,42.0,56.5,26.0,,
Q3-2021,,70.0,46.0,,48.0,32.0,,,,40.0,26.0,,25.0,14.5,,,,259.70253,77.31275,,,20.0,,,28.0,17.5,11.0,31.0,,,97.0,67.0,55.0,,38.0,21.0,16.0,35.0,43.0,12.0,33.0,8.0,42.0,57.5,26.0,,
Q4-2021,,70.0,46.0,,47.0,31.0,,,,41.0,27.0,,25.0,14.5,,,,262.1639,76.71885,,,20.0,,,29.0,18.5,11.0,31.0,,,98.0,69.0,56.0,,39.0,21.0,17.0,35.0,43.0,12.0,33.0,8.0,43.0,58.5,27.0,,
Q1-2022,,72.0,50.0,,49.0,33.0,,,,45.0,27.5,,26.0,15.5,,,,278.61898,82.22469,,,21.0,,,29.0,19.5,12.0,34.0,,,97.0,68.0,57.5,,39.0,22.0,17.5,36.0,46.5,14.0,37.0,9.0,47.5,60.0,27.5,29.5,
Q2-2022,,77.0,52.0,,54.0,38.0,,,,49.0,35.0,,28.0,18.0,,,,299.43562,83.27483,,,26.0,,,33.5,25.0,15.0,37.5,,,102.0,74.0,63.0,,41.0,26.0,24.0,38.0,50.0,16.5,38.0,13.0,51.5,65.5,35.0,37.5,
Q3-2022,,88.0,65.0,,62.0,45.0,,,,57.0,42.0,,34.0,23.0,,,,306.11906,74.14045,,,30.0,,,40.0,29.0,20.0,44.0,,,116.0,82.0,72.0,,46.5,34.0,32.0,44.0,56.5,21.0,51.0,16.0,59.5,74.5,42.0,44.5,
Q4-2022,,95.0,70.0,,65.0,48.0,,,,60.0,45.0,,34.0,23.0,,,,300.85426,73.24149,,,34.0,,,40.0,30.0,21.0,45.0,,,125.0,85.0,75.0,,47.5,38.0,35.0,44.0,57.5,24.0,58.0,16.0,62.5,77.5,45.0,47.5,
Q1-2023,,100.0,76.0,,68.5,53.5,,,,62.5,50.0,,36.0,26.0,,,,318.74176,78.61607,,,36.0,,,41.5,33.5,23.0,47.0,,,125.0,85.0,77.5,,47.5,40.0,39.0,44.0,57.5,26.0,60.0,18.5,67.5,80.0,50.0,52.5,
Q2-2023,,100.0,75.0,,73.0,58.0,,,,63.5,52.0,,36.0,26.0,,,,314.16832,73.19381,,,39.0,,,41.0,33.0,23.0,49.0,,,125.0,89.0,78.5,,50.0,41.0,40.0,46.0,60.0,27.5,58.0,18.5,66.0,81.0,52.0,54.5,
Q3-2023,,98.0,74.0,,73.0,58.0,,,,63.5,51.0,,36.0,28.0,,,,313.54688,72.1792,,,37.5,,,41.5,33.0,24.0,50.0,,,125.0,90.0,78.5,,50.0,41.0,37.5,46.0,60.0,26.5,56.0,19.0,66.0,81.0,51.0,53.5,
Q4-2023,,105.0,75.0,,78.0,60.0,,,,70.5,55.0,,38.0,29.0,,,,333.39507,76.78012,,,41.0,,,43.5,34.0,25.0,51.0,,,130.0,95.0,83.0,,53.0,41.0,38.0,48.0,63.0,28.0,55.0,20.0,73.0,85.5,55.0,57.5,
Q1-2024,,113.0,85.0,,83.0,68.0,,,,72.0,58.0,,40.5,33.0,,,,353.19487,96.35093,,,43.0,,,45.5,38.0,26.0,53.0,,,143.0,99.0,83.0,,53.0,50.0,41.0,48.0,63.0,30.0,58.0,23.5,74.5,85.5,58.0,60.5,
Q2-2024,,115.0,85.0,,83.0,68.0,,,,72.5,60.0,,41.5,34.0,,,,365.54332,98.98294,,,44.0,,,47.25,39.25,28.5,54.0,,,145.0,99.0,86.0,,54.75,50.0,44.0,49.0,64.0,32.0,58.0,24.5,75.0,88.5,60.0,62.5,
Q3-2024,,116.0,86.0,,81.0,66.0,,,,72.5,59.0,,44.0,35.0,,,,366.2858,94.95031,,,48.0,,,49.0,40.0,27.5,58.0,,,149.0,99.0,85.0,,58.0,47.0,43.0,53.0,68.0,32.0,58.0,25.0,75.0,87.5,59.0,61.5,
Q4-2024,,114.0,85.0,,77.0,60.0,,,,67.0,52.0,,37.0,27.0,,,,336.68275,89.77211,,,43.0,,,42.0,32.0,21.5,53.0,,,149.0,97.0,82.0,,52.0,40.0,35.0,47.0,63.0,31.0,54.0,18.5,69.5,84.5,52.0,54.5,
Q1-2025,,112.0,83.0,,77.0,62.0,,,,62.5,50.0,,36.0,28.5,,,,324.36142,87.85578,,,40.0,,,41.0,31.0,21.0,50.0,,,144.0,94.0,75.0,,50.0,40.0,35.0,45.0,60.0,28.0,53.0,18.5,65.0,77.5,50.0,52.5,37.0
Q2-2025,,117.0,87.0,,77.0,62.0,,,,62.5,50.0,,35.0,26.0,,,,318.03169,87.51562,,,35.0,,,40.0,30.0,18.5,46.0,,,147.0,94.0,75.0,,50.0,40.0,35.0,45.0,58.5,23.0,58.0,17.0,65.0,77.5,50.0,52.5,37.0
Q3-2025,,118.0,88.0,,76.0,61.0,,,,62.5,50.0,,35.0,26.0,,,,325.43335,92.4415,,,35.0,,,42.0,32.0,20.0,46.0,,,148.0,94.0,75.0,,52.0,40.5,35.0,45.0,58.5,23.0,58.0,17.0,65.0,77.5,50.0,52.5,37.0
Q4-2025,,120.0,90.0,,80.0,64.0,,,,67.5,55.0,,39.0,29.0,,,,338.70158,93.43393,,,37.0,,,43.0,33.0,21.0,48.0,,,150.0,97.5,80.0,,53.0,45.0,37.0,49.0,60.0,23.0,62.0,19.0,70.0,82.5,55.0,57.5,39.0
Q1-2026,,140.0,110.0,,88.0,71.0,,,,72.5,60.0,,45.0,35.0,,,,375.7412,101.94573,,,43.0,,,47.0,37.0,26.0,55.0,,,175.0,108.0,87.5,,57.0,53.0,43.0,55.0,68.0,31.0,80.0,23.0,75.0,90.0,60.0,62.5,45.0
