period,container_feeder_4k5_nb_usdm,container_feeder_1k2_nb_usdm,container_feeder_3k_nb_v2_usdm,container_feeder_2k_nb_usdm,container_feeder_1k8_nb_usdm,container_feeder_750_nb_usdm,container_feeder_300_nb_usdm,container_feeder_400_nb_usdm,container_feeder_1k6_nb_usdm,container_panamax_9k_nb_usdm,container_subpanamax_5k_nb_usdm,container_feeder_1k_10yr_usdm,container_feeder_1k_15yr_usdm,container_feeder_3k6_15yr_usdm,container_large_14k_nb_usdm,container_postpanamax_11k_nb_usdm,container_subpanamax_6k_nb_usdm,container_subpanamax_7k_5yr_usdm,container_feeder_3k8_resale_usdm,container_subpanamax_5k5_resale_usdm,container_subpanamax_7k_resale_usdm,container_panamax_9k2_resale_usdm,container_feeder_4k_nb_usdm,container_feeder_4k5_15yr_usdm,container_feeder_2k5_nb_usdm,container_ulcv_24k_nb_usdm,container_large_16k_nb_usdm,container_subpanamax_7k_10yr_usdm,container_large_13k5_5yr_usdm,container_feeder_3k8_5yr_usdm,container_subpanamax_5k5_5yr_usdm,container_subpanamax_7k_15yr_usdm,container_panamax_8k8_10yr_usdm,container_subpanamax_5k1_15yr_usdm,container_postpanamax_11k5_5yr_usdm,container_postpanamax_11k5_resale_usdm,container_panamax_9k2_5yr_usdm,container_large_15k_nb_usdm,container_panamax_8k8_15yr_usdm,container_large_14k_nb_v2_usdm,container_large_13k5_10yr_usdm,container_ulcv_24k_nb_conv_usdm,container_ulcv_24k_nb_methanol_usdm,container_ulcv_24k_nb_lng_usdm,container_large_15k_nb_conv_usdm,container_large_15k_nb_methanol_usdm,container_large_15k_nb_lng_usdm,container_large_14k_nb_conv_usdm,container_large_14k_nb_methanol_usdm,container_large_14k_nb_lng_usdm,container_postpanamax_11k_nb_conv_usdm,container_postpanamax_11k_nb_methanol_usdm,container_postpanamax_11k_nb_lng_usdm,container_panamax_9k_nb_conv_usdm,container_panamax_9k_nb_methanol_usdm,container_panamax_9k_nb_lng_usdm,container_feeder_3k8_10yr_usdm,container_subpanamax_5k5_10yr_usdm,container_panamax_9k2_10yr_usdm,container_postpanamax_10k_15yr_usdm,container_postpanamax_11k5_10yr_usdm,container_large_13k5_resale_usdm,container_large_13k5_15yr_usdm,container_large_15k5_5yr_usdm,container_large_15k5_10yr_usdm,container_feeder_3k_nb_usdm
Q4-1979,,,,,,,,,31.0,,,,,,,,,,,,,,,,,,,,,,,,,,,,,,,,,,,,,,,,,,,,,,,,,,,,,,,,,
Q1-1980,,,,,,,,,32.0,,,,,,,,,,,,,,,,,,,,,,,,,,,,,,,,,,,,,,,,,,,,,,,,,,,,,,,,,
Q2-1980,,,,,,,,,31.0,,,,,,,,,,,,,,,,,,,,,,,,,,,,,,,,,,,,,,,,,,,,,,,,,,,,,,,,,
Q3-1980,,,,,,,,,31.0,,,,,,,,,,,,,,,,,,,,,,,,,,,,,,,,,,,,,,,,,,,,,,,,,,,,,,,,,
Q4-1980,,,,,,,,11.0,33.0,,,,,,,,,,,,,,,,,,,,,,,,,,,,,,,,,,,,,,,,,,,,,,,,,,,,,,,,,
Q1-1981,,,,,,,,11.0,36.0,,,,,,,,,,,,,,,,,,,,,,,,,,,,,,,,,,,,,,,,,,,,,,,,,,,,,,,,,
Q2-1981,,,,,,,,11.0,36.0,,,,,,,,,,,,,,,,,,,,,,,,,,,,,,,,,,,,,,,,,,,,,,,,,,,,,,,,,
Q3-1981,,,,,,,,11.0,36.0,,,,,,,,,,,,,,,,,,,,,,,,,,,,,,,,,,,,,,,,,,,,,,,,,,,,,,,,,
Q4-1981,,,,,,,,11.0,36.0,,,,,,,,,,,,,,,,,,,,,,,,,,,,,,,,,,,,,,,,,,,,,,,,,,,,,,,,,
Q1-1982,,,,,,,,11.0,36.0,,,,,,,,,,,,,,,,,,,,,,,,,,,,,,,,,,,,,,,,,,,,,,,,,,,,,,,,,
Q2-1982,,,,,,,,11.0,34.0,,,,,,,,,,,,,,,,,,,,,,,,,,,,,,,,,,,,,,,,,,,,,,,,,,,,,,,,,
Q3-1982,,,,,,,,11.0,34.0,,,,,,,,,,,,,,,,,,,,,,,,,,,,,,,,,,,,,,,,,,,,,,,,,,,,,,,,,
Q4-1982,,,,,,,,9.5,32.0,,,,,,,,,,,,,,,,,,,,,,,,,,,,,,,,,,,,,,,,,,,,,,,,,,,,,,,,,
Q1-1983,,,,,,,,9.5,33.0,,,,,,,,,,,,,,,,,,,,,,,,,,,,,,,,,,,,,,,,,,,,,,,,,,,,,,,,,
Q2-1983,,,,,,,,9.0,36.0,,,,,,,,,,,,,,,,,,,,,,,,,,,,,,,,,,,,,,,,,,,,,,,,,,,,,,,,,
Q3-1983,,,,,,,,9.0,36.0,,,,,,,,,,,,,,,,,,,,,,,,,,,,,,,,,,,,,,,,,,,,,,,,,,,,,,,,,
Q4-1983,,,,,,,,9.0,36.0,,,,,,,,,,,,,,,,,,,,,,,,,,,,,,,,,,,,,,,,,,,,,,,,,,,,,,,,,
Q1-1984,,,,,,,,10.0,36.0,,,,,,,,,,,,,,,,,,,,,,,,,,,,,,,,,,,,,,,,,,,,,,,,,,,,,,,,,
Q2-1984,,,,,,,,10.0,36.0,,,,,,,,,,,,,,,,,,,,,,,,,,,,,,,,,,,,,,,,,,,,,,,,,,,,,,,,,
Q3-1984,,,,,,,,9.8,34.0,,,,,,,,,,,,,,,,,,,,,,,,,,,,,,,,,,,,,,,,,,,,,,,,,,,,,,,,,
Q4-1984,,,,,,,,9.8,34.0,,,,,,,,,,,,,,,,,,,,,,,,,,,,,,,,,,,,,,,,,,,,,,,,,,,,,,,,,
Q1-1985,,,,,,,,9.5,34.0,,,,,,,,,,,,,,,,,,,,,,,,,,,,,,,,,,,,,,,,,,,,,,,,,,,,,,,,,
Q2-1985,,,,,,,,8.0,32.0,,,,,,,,,,,,,,,,,,,,,,,,,,,,,,,,,,,,,,,,,,,,,,,,,,,,,,,,,
Q3-1985,,,,,,,,8.0,20.8,,,,,,,,,,,,,,,,,,,,,,,,,,,,,,,,,,,,,,,,,,,,,,,,,,,,,,,,,
Q4-1985,,,,,,,,8.0,20.8,,,,,,,,,,,,,,,,,,,,,,,,,,,,,,,,,,,,,,,,,,,,,,,,,,,,,,,,,
Q1-1986,,,,,,,,8.0,19.5,,,,,,,,,,,,,,,,,,,,,,,,,,,,,,,,,,,,,,,,,,,,,,,,,,,,,,,,,
Q2-1986,,,,,,,,8.0,19.5,,,,,,,,,,,,,,,,,,,,,,,,,,,,,,,,,,,,,,,,,,,,,,,,,,,,,,,,,
Q3-1986,,,,,,,,9.2,21.5,,,,,,,,,,,,,,,,,,,,,,,,,,,,,,,,,,,,,,,,,,,,,,,,,,,,,,,,,
Q4-1986,,,,,,,,9.2,23.0,,,,,,,,,,,,,,,,,,,,,,,,,,,,,,,,,,,,,,,,,,,,,,,,,,,,,,,,,
Q1-1987,,,,,,,,9.0,21.8,,,,,,,,,,,,,,,,,,,,,,,,,,,,,,,,,,,,,,,,,,,,,,,,,,,,,,,,,
Q2-1987,,,,,,,,8.7,23.5,,,,,,,,,,,,,,,,,,,,,,,,,,,,,,,,,,,,,,,,,,,,,,,,,,,,,,,,,
Q3-1987,,,,,,,,8.7,22.0,,,,,,,,,,,,,,,,,,,,,,,,,,,,,,,,,,,,,,,,,,,,,,,,,,,,,,,,,
Q4-1987,,,,,,,,8.2,21.5,,,,,,,,,,,,,,,,,,,,,,,,,,,,,,,,,,,,,,,,,,,,,,,,,,,,,,,,,
Q1-1988,,,,,,,,8.2,22.08668,,,,,,,,,,,,,,,,,,,,,,,,,,,,,,,,,,,,,,,,,,,,,,,,,,,,,,,,,
Q2-1988,,,,,,,,8.2,22.08668,,,,,,,,,,,,,,,,,,,,,,,,,,,,,,,,,,,,,,,,,,,,,,,,,,,,,,,,,
Q3-1988,,,,,,,,9.0,24.02285,,,,,,,,,,,,,,,,,,,,,,,,,,,,,,,,,,,,,,,,,,,,,,,,,,,,,,,,,
Q4-1988,,,,,,,,9.0,24.02285,,,,,,,,,,,,,,,,,,,,,,,,,,,,,,,,,,,,,,,,,,,,,,,,,,,,,,,,,
Q1-1989,,,,,,,,10.0,27.2498,,,,,,,,,,,,,,,,,,,,,,,,,,,,,,,,,,,,,,,,,,,,,,,,,,,,,,,,,
Q2-1989,,,,,,,,12.0,30.1182,,,,,,,,,,,,,,,,,,,,,,,,,,,,,,,,,,,,,,,,,,,,,,,,,,,,,,,,,
Q3-1989,,,,,,,,12.0,30.1182,,,,,,,,,,,,,,,,,,,,,,,,,,,,,,,,,,,,,,,,,,,,,,,,,,,,,,,,,
Q4-1989,,,,,,,,13.7,34.06225,,,,,,,,,,,,,,,,,,,,,,,,,,,,,,,,,,,,,,,,,,,,,,,,,,,,,,,,,
Q1-1990,,,,,,,,13.7,36.5721,,,,,,,,,,,,,,,,,,,,,,,,,,,,,,,,,,,,,,,,,,,,,,,,,,,,,,,,,
Q2-1990,,,,,,,,14.5,36.93065,,,,,,,,,,,,,,,,,,,,,,,,,,,,,,,,,,,,,,,,,,,,,,,,,,,,,,,,,
Q3-1990,,,,,,,,14.5,36.93065,,,,,,,,,,,,,,,,,,,,,,,,,,,,,,,,,,,,,,,,,,,,,,,,,,,,,,,,,
Q4-1990,,,,,,,,14.5,36.93065,,,,,,,,,,,,,,,,,,,,,,,,,,,,,,,,,,,,,,,,,,,,,,,,,,,,,,,,,
Q1-1991,,,,,,,,14.5,38.0063,,,,,,,,,,,,,,,,,,,,,,,,,,,,,,,,,,,,,,,,,,,,,,,,,,,,,,,,,
Q2-1991,,,,,,,,14.5,38.7234,,,,,,,,,,,,,,,,,,,,,,,,,,,,,,,,,,,,,,,,,,,,,,,,,,,,,,,,,
Q3-1991,,,,,,,,14.5,38.7234,,,,,,,,,,,,,,,,,,,,,,,,,,,,,,,,,,,,,,,,,,,,,,,,,,,,,,,,,
Q4-1991,,,,,,,,14.5,45.1773,,,,,,,,,,,,,,,,,,,,,,,,,,,,,,,,,,,,,,,,,,,,,,,,,,,,,,,,,
Q1-1992,,,,,,,,15.0,45.1773,,,,,,,,,,,,,,,,,,,,,,,,,,,,,,,,,,,,,,,,,,,,,,,,,,,,,,,,,
Q2-1992,,,,,,,,14.0,43.026,,,,,,,,,,,,,,,,,,,,,,,,,,,,,,,,,,,,,,,,,,,,,,,,,,,,,,,,,
Q3-1992,,,,,,,,14.0,39.4405,,,,,,,,,,,,,,,,,,,,,,,,,,,,,,,,,,,,,,,,,,,,,,,,,,,,,,,,,
Q4-1992,,,,,,,,13.0,35.855,,,,,,,,,,,,,,,,,,,,,,,,,,,,,,,,,,,,,,,,,,,,,,,,,,,,,,,,,
Q1-1993,,,,,,,,12.0,35.855,,,,,,,,,,,,,,,,,,,,,,,,,,,,,,,,,,,,,,,,,,,,,,,,,,,,,,,,,
Q2-1993,,,,,,,,11.8,33.7037,,,,,,,,,,,,,,,,,,,,,,,,,,,,,,,,,,,,,,,,,,,,,,,,,,,,,,,,,
Q3-1993,,,,,,,,11.5,33.7037,,,,,,,,,,,,,,,,,,,,,,,,,,,,,,,,,,,,,,,,,,,,,,,,,,,,,,,,,
Q4-1993,,,,,,,,11.0,33.7037,,,,,,,,,,,,,,,,,,,,,,,,,,,,,,,,,,,,,,,,,,,,,,,,,,,,,,,,,
Q1-1994,,,,,,,,11.0,32.2695,,,,,,,,,,,,,,,,,,,,,,,,,,,,,,,,,,,,,,,,,,,,,,,,,,,,,,,,,
Q2-1994,,,,,,,,11.0,28.684,,,,,,,,,,,,,,,,,,,,,,,,,,,,,,,,,,,,,,,,,,,,,,,,,,,,,,,,,
Q3-1994,,,,,,,,11.0,28.684,,,,,,,,,,,,,,,,,,,,,,,,,,,,,,,,,,,,,,,,,,,,,,,,,,,,,,,,,
Q4-1994,,,,,,,,11.0,28.684,,,,,,,,,,,,,,,,,,,,,,,,,,,,,,,,,,,,,,,,,,,,,,,,,,,,,,,,,
Q1-1995,,,,,,,,12.0,34.06225,,,,,,,,,,,,,,,,,,,,,,,,,,,,,,,,,,,,,,,,,,,,,,,,,,,,,,,,,
Q2-1995,,,,,,,,12.5,35.855,,,,,,,,,,,,,,,,,,,,,,,,,,,,,,,,,,,,,,,,,,,,,,,,,,,,,,,,,
Q3-1995,,,,,,,,12.5,35.855,,,,,,,,,,,,,,,,,,,,,,,,,,,,,,,,,,,,,,,,,,,,,,,,,,,,,,,,,
Q4-1995,,,,,,,,12.5,35.1379,,,,,,,,,,,,,,,,,,,,,,,,,,,,,,,,,,,,,,,,,,,,,,,,,,,,,,,,,
Q1-1996,,,,,,,,12.5,34.4208,,,,,,,,,,,,,,,,,,,,,,,,,,,,,,,,,,,,,,,,,,,,,,,,,,,,,,,,,
Q2-1996,,,,,,,,12.5,32.9866,,,,,,,,,,,,,,,,,,,,,,,,,,,,,,,,,,,,,,,,,,,,,,,,,,,,,,,,,
Q3-1996,,,,,,,,12.5,28.684,,,,,,,,,,,,,,,,,,,,,,,,,,,,,,,,,,,,,,,,,,,,,,,,,,,,,,,,,
Q4-1996,52.0,21.0,38.0,35.0,31.0,18.0,11.0,12.5,27.2498,,,13.0,8.66984,20.00916,,,,,,,,,,,,,,,,,,,,,,,,,,,,,,,,,,,,,,,,,,,,,,,,,,,,
Q1-1997,52.0,21.0,38.0,35.0,31.0,18.0,11.0,12.0,27.2498,,,12.5,8.3365,18.67582,,,,,,,,,,,,,,,,,,,,,,,,,,,,,,,,,,,,,,,,,,,,,,,,,,,,
Q2-1997,53.0,20.0,39.0,33.0,29.0,17.0,10.0,11.0,27.9669,,,12.5,8.3365,18.34249,,,,,,,,,,,,,,,,,,,,,,,,,,,,,,,,,,,,,,,,,,,,,,,,,,,,
Q3-1997,53.0,20.0,39.0,33.0,29.0,17.0,10.0,11.0,27.9669,,,11.1,7.40317,18.34249,,,,,,,,,,,,,,,,,,,,,,,,,,,,,,,,,,,,,,,,,,,,,,,,,,,,
Q4-1997,50.0,20.0,38.0,33.0,29.0,17.0,10.0,11.0,27.2498,,,10.8,7.20317,17.67582,,,,,,,,,,,,,,,,,,,,,,,,,,,,,,,,,,,,,,,,,,,,,,,,,,,,
Q1-1998,48.5,20.0,37.0,32.0,28.0,17.0,10.0,10.5,26.5327,,,9.8,6.5365,16.67582,,,,,,,,,,,,,,,,,,,,,,,,,,,,,,,,,,,,,,,,,,,,,,,,,,,,
Q2-1998,44.0,19.0,35.0,31.0,25.0,14.5,9.0,10.5,25.0985,,,9.0,6.00317,16.67582,,,,,,,,,,,,,,,,,,,,,,,,,,,,,,,,,,,,,,,,,,,,,,,,,,,,
Q3-1998,44.0,19.0,35.0,31.0,25.0,14.0,8.5,10.0,25.0985,,,8.75,5.8365,16.00916,,,,,,,,,,,,,,,,,,,,,,,,,,,,,,,,,,,,,,,,,,,,,,,,,,,,
Q4-1998,42.0,18.0,31.0,29.0,24.5,13.5,8.0,9.0,22.2301,,,8.75,5.8365,15.67582,,,,,,,,,,,,,,,,,,,,,,,,,,,,,,,,,,,,,,,,,,,,,,,,,,,,
Q1-1999,36.5,17.0,30.0,25.0,22.0,13.5,7.5,8.5,21.513,,,7.5,5.00317,14.67582,,,,,,,,,,,,,,,,,,,,,,,,,,,,,,,,,,,,,,,,,,,,,,,,,,,,
Q2-1999,37.0,16.5,31.0,26.0,21.0,13.0,7.0,8.0,22.2301,,,9.0,6.00317,13.67582,,,,,,,,,,,,,,,,,,,,,,,,,,,,,,,,,,,,,,,,,,,,,,,,,,,,
Q3-1999,39.0,18.0,33.5,28.0,23.0,14.0,7.5,8.5,24.02285,,,9.0,6.00317,13.34249,,,,,,,,,,,,,,,,,,,,,,,,,,,,,,,,,,,,,,,,,,,,,,,,,,,,
Q4-1999,38.0,17.5,33.0,28.0,23.0,14.0,7.5,8.5,23.6643,,,9.0,6.00317,13.34249,,,,,,,,,,,,,,,,,,,,,,,,,,,,,,,,,,,,,,,,,,,,,,,,,,,,
Q1-2000,38.5,17.5,34.0,28.5,23.0,14.0,7.5,8.5,24.3814,,,9.0,6.00317,13.34249,,,,,,,,,,,,,,,,,,,,,,,,,,,,,,,,,,,,,,,,,,,,,,,,,,,,
Q2-2000,39.5,18.0,35.0,29.5,24.0,14.0,7.5,8.5,25.0985,,,10.5,7.00317,15.00916,,,,,,,,,,,,,,,,,,,,,,,,,,,,,,,,,,,,,,,,,,,,,,,,,,,,
Q3-2000,41.0,18.0,37.0,31.5,25.0,14.0,8.0,9.0,26.5327,,,10.5,7.00317,17.34249,,,,,,,,,,,,,,,,,,,,,,,,,,,,,,,,,,,,,,,,,,,,,,,,,,,,
Q4-2000,41.5,18.0,37.5,31.5,25.0,14.0,8.0,10.0,26.89125,73.0,54.0,10.5,7.00317,17.34249,,,,,,,,,,,,,,,,,,,,,,,,,,,,,,,,,,,,,,,,73.0,,,,,,,,,,,,
Q1-2001,42.0,17.5,37.5,31.5,24.5,14.0,8.0,10.0,26.89125,73.0,54.0,9.75,6.50317,19.00916,,,,,,,,,,,,,,,,,,,,,,,,,,,,,,,,,,,,,,,,73.0,,,,,,,,,,,,
Q2-2001,41.0,17.5,36.5,31.5,24.5,14.0,8.0,10.0,26.17415,73.0,54.0,9.75,6.50317,16.67582,,,,,,,,,,,,,,,,,,,,,,,,,,,,,,,,,,,,,,,,73.0,,,,,,,,,,,,
Q3-2001,40.0,17.0,35.5,31.0,24.0,13.5,7.5,10.0,25.45705,73.0,54.0,8.75,5.8365,15.34249,,,,,,,,,,,,,,,,,,,,,,,,,,,,,,,,,,,,,,,,73.0,,,,,,,,,,,,
Q4-2001,36.0,15.5,31.0,28.0,21.5,13.0,7.5,8.89,21.513,72.0,52.0,7.8,5.20317,13.87582,,,,,,,,,,,30.0,,,,,,,,,,,,,,,,,,,,,,,,,,,,,72.0,,,,,,,,,,,,
Q1-2002,34.0,15.5,30.0,27.5,21.0,13.0,7.5,8.89,20.7959,64.5,47.0,7.75,5.16984,13.67582,,,,,,,,,,,29.0,,,,,,,,,,,,,,,,,,,,,,,,,,,,,64.5,,,,,,,,,,,,
Q2-2002,33.5,15.5,30.0,27.5,21.0,13.0,7.5,10.0,20.7959,62.0,45.5,7.75,5.16984,14.67582,,,,,,,,,,,29.0,,,,,,,,,,,,,,,,,,,,,,,,,,,,,62.0,,,,,,,,,,,,
Q3-2002,33.0,15.5,29.5,27.0,21.0,13.0,7.5,10.0,20.43735,60.0,45.0,8.0,5.3365,15.00916,,,,,,,,,,,28.5,,,,,,,,,,,,,,,,,,,,,,,,,,,,,60.0,,,,,,,,,,,,
Q4-2002,33.0,15.5,29.5,27.0,21.0,13.0,7.5,10.0,20.43735,60.0,45.0,8.5,5.66984,15.00916,,,,,,,,,,,28.5,,,,,,,,,,,,,,,,,,,,,,,,,,,,,60.0,,,,,,,,,,,,
Q1-2003,34.0,16.0,30.0,27.5,21.5,13.5,8.0,10.0,20.43735,62.0,46.0,8.5,5.66984,16.00916,,,,,,,,,,,28.5,,,,,,,,,,,,,,,,,,,,,,,,,,,,,62.0,,,,,,,,,,,,
Q2-2003,37.0,16.5,32.5,28.0,22.0,14.0,8.25,10.0,22.2301,63.0,49.0,9.0,6.00317,16.34249,,,,,,,,,,,31.0,,,,,,,,,,,,,,,,,,,,,,,,,,,,,63.0,,,,,,,,,,,,
Q3-2003,39.5,17.5,35.5,29.0,23.0,16.5,8.25,10.0,23.6643,66.0,52.0,10.5,7.00317,17.67582,,,,,,,,,,,33.0,,,,,,,,,,,,,,,,,,,,,,,,,,,,,66.0,,,,,,,,,,,,
Q4-2003,42.5,18.5,37.0,30.5,25.5,17.5,8.5,10.0,25.0985,71.0,56.5,10.5,7.00317,17.67582,,,,,,,,,,,35.0,,,,,,,,,,,,,,,,,,,,,,,,,,,,,71.0,,,,,,,,,,,,
Q1-2004,45.5,20.5,39.5,31.5,28.0,18.0,9.0,10.0,26.5327,79.0,62.5,13.0,8.66984,21.34249,,,,,,,,,,,37.0,,,,,,,,,,,,,,,,,,,,,,,,,,,,,79.0,,,,,,,,,,,,
Q2-2004,49.0,22.0,44.0,33.0,30.0,19.0,10.0,10.5,28.684,83.0,66.0,14.0,9.3365,24.00916,,,,,,,,,,,40.0,,,,,,,,,,,,,,,,,,,,,,,,,,,,,83.0,,,,,,,,,,,,
Q3-2004,51.0,22.0,45.0,35.0,31.5,19.0,10.0,11.5,29.4011,86.0,68.0,16.0,10.66984,24.00916,,,,,,,,,,,41.0,,,,,,,,,,,,,,,,,,,,,,,,,,,,,86.0,,,,,,,,,,,,
Q4-2004,53.0,22.5,46.5,37.0,35.0,19.5,10.5,12.075,31.91095,91.0,71.0,20.0,13.3365,27.67582,,,,,,,,,,,44.5,,,,,,,,,,,,,,,,,,,,,,,,,,,,,91.0,,,,,,,,,,,,
Q1-2005,59.0,26.0,52.0,43.0,41.0,22.0,12.5,14.375,35.49645,97.0,79.0,23.5,17.6,39.0,,,,,,,,,,,49.5,,,,,,,,,,,,,,,,,,,,,,,,,,,,,97.0,,,,,,,,,,,,
Q2-2005,59.0,26.5,52.0,44.0,42.0,22.5,12.5,14.375,35.1379,99.0,79.0,23.5,17.6,39.0,,,,,,,,,,,49.0,,,,,,,,,,,,,,,,,,,,,,,,,,,,,99.0,,,,,,,,,,,,
Q3-2005,52.5,24.5,48.5,40.5,38.0,22.0,12.5,14.375,32.9866,90.0,70.0,22.0,17.0,37.0,,,,,,,,,,,46.0,,,,,,,,,,,,,,,,,,,,,,,,,,,,,90.0,,,,,,,,,,,,
Q4-2005,52.5,23.0,48.5,40.0,36.0,20.5,12.5,14.375,32.62805,89.0,67.5,16.5,13.0,28.5,,,,,,,,,,,45.5,,,,,,,,,,,,,,,,,,,,,,,,,,,,,89.0,,,,,,,,,,,,
Q1-2006,54.0,22.5,49.0,40.0,36.0,20.5,12.5,14.375,32.62805,94.0,68.0,15.0,12.0,28.5,,,,,,,,,,,45.5,,,,,,,,,,,,,,,,,,,,,,,,,,,,,94.0,,,,,,,,,,,,
Q2-2006,56.0,23.0,49.0,40.0,37.0,20.5,12.5,14.375,32.62805,98.0,70.0,16.0,13.0,31.5,,,,,,,,,,,45.5,,,,,,,,,,,,,,,,,,,,,,,,,,,,,98.0,,,,,,,,,,,,
Q3-2006,57.0,23.5,52.0,41.5,38.0,20.5,12.5,14.375,34.06225,101.0,73.0,16.0,13.0,31.5,,,,,,,,,,,47.5,,,,,,,,,,,,,,,,,,,,,,,,,,,,,101.0,,,,,,,,,,,,
Q4-2006,57.0,22.0,51.0,41.5,38.0,20.5,12.5,14.375,33.7037,101.0,71.0,16.0,13.0,31.5,,125.0,,,,,,,,,47.0,,,,,,,,,,,,,,,,,,,,,,,,,,125.0,,,101.0,,,,,,,,,,,,
Q1-2007,57.0,22.0,51.0,41.5,38.0,20.5,12.5,14.375,33.7037,102.0,71.0,16.0,13.0,31.5,,124.0,,,,,,,,,47.0,,,,,,,,,,,,,,,,,,,,,,,,,,124.0,,,102.0,,,,,,,,,,,,
Q2-2007,58.0,23.5,51.5,43.0,39.0,20.5,12.5,14.375,34.4208,105.0,74.0,17.5,13.75,35.5,,127.0,,,,,,,,,48.0,,,,,,,,,,,,,,,,,,,,,,,,,,127.0,,,105.0,,,,,,,,,,,,
Q3-2007,59.0,25.0,52.5,43.0,39.0,21.0,12.5,14.375,35.1379,106.0,78.0,18.5,14.25,36.5,,131.0,,,,,,,,,49.0,,,,,,,,,,,,,,,,,,,,,,,,,,131.0,,,106.0,,,,,,,,,,,,
Q4-2007,63.0,27.5,53.0,44.0,41.0,21.0,12.5,14.375,36.5721,106.5,80.0,19.0,14.25,36.5,,134.0,,,,,,,,,51.0,,,,,,,,,,,,,,,,,,,,,,,,,,134.0,,,106.5,,,,,,,,,,,,
Q1-2008,64.5,27.5,55.5,45.0,42.0,21.0,12.5,14.375,38.36485,107.0,83.0,19.0,14.5,38.75,,136.0,,105.0,,,115.0,145.0,,,53.5,,,,,,,,,,,,,,,,,,,,,,,,,,136.0,,,107.0,,,,,,,,,,,,
Q2-2008,66.0,27.5,55.5,46.0,42.0,21.0,12.5,14.375,39.79905,108.0,83.0,19.0,15.0,36.25,175.0,137.0,84.0,96.0,,,111.5,139.5,,,55.5,,,,,,,,,,,,,,,,,,,,,,,,,,137.0,,,108.0,,,,,,,,,,,,
Q3-2008,67.0,27.5,56.5,47.0,43.0,21.0,12.5,14.375,40.8747,108.0,84.0,16.0,12.5,33.5,175.0,137.0,85.0,92.0,,,108.0,131.75,,,57.0,,,,,,,,,,,,,,,,,,,,,,,,,,137.0,,,108.0,,,,,,,,,,,,
Q4-2008,60.0,25.0,50.0,41.0,38.0,18.0,11.5,13.225,37.2892,100.0,77.5,10.0,7.75,22.5,166.0,129.0,84.0,64.0,,,78.5,101.75,72.0,,52.0,,,,,,,,,,,,,,,,,,,,,,,,,,129.0,,,100.0,,,,,,,,,,,,
Q1-2009,47.0,19.0,37.0,31.0,27.5,11.5,7.0,8.05,30.1182,86.0,65.0,7.75,6.0,15.5,147.0,110.0,70.0,57.0,,,73.0,94.25,59.0,,42.0,,,,,,,,,,,,,,,,,,,,,,,,,,110.0,,,86.0,,,,,,,,,,,,
Q2-2009,40.5,19.0,34.0,29.0,26.0,13.0,8.0,9.2,27.60835,77.0,60.0,9.0,4.5,8.25,133.0,96.0,63.0,42.5,,,56.75,71.0,53.0,,38.5,,,,,,,,,,,,,,,,,,,,,,,,,,96.0,,,77.0,,,,,,,,,,,,
Q3-2009,37.0,19.0,30.5,26.5,23.75,14.0,8.75,10.0625,21.15445,70.0,57.0,7.5,4.5,8.0,125.0,90.0,59.0,39.5,,,51.0,67.0,50.0,,29.5,,,,,,,,,,,,,,,,,,,,,,,,,,90.0,,,70.0,,,,,,,,,,,,
Q4-2009,36.0,19.0,29.5,25.5,23.0,14.0,8.75,10.0625,20.43735,66.5,56.25,7.5,3.5,8.5,118.0,86.5,57.25,39.5,,,50.0,65.0,48.25,,28.5,,,,,,,,,,,,,,,,,,,,,,,,,,86.5,,,66.5,,,,,,,,,,,,
Q1-2010,37.0,19.5,30.25,26.5,24.0,14.25,8.75,10.0625,20.43735,66.25,56.25,8.75,4.25,11.0,117.0,86.25,57.25,36.75,,,49.25,65.5,48.75,,28.5,,,,,,,,,,,,,,,100.0,,,,,,,,100.0,,,86.25,,,66.25,,,,,,,,,,,,
Q2-2010,42.25,21.0,34.0,29.25,26.75,15.0,9.75,11.2125,21.513,68.0,60.0,11.0,5.0,16.0,121.0,88.0,59.25,46.75,,,62.5,77.0,51.5,18.0,30.0,,,,,,,,,,,,,,,103.0,,,,,,,,103.0,,,88.0,,,68.0,,,,,,,,,,,,
Q3-2010,46.5,20.5,36.5,31.0,28.0,15.5,9.75,11.2125,24.02285,77.5,64.0,11.0,7.0,17.0,132.0,96.5,60.5,52.0,,,65.0,81.5,52.0,19.0,33.5,,,,,,,,,,,,,,,109.0,,,,,,,,109.0,,,96.5,,,77.5,,,,,,,,,,,,
Q4-2010,49.5,21.5,41.5,31.5,29.5,16.0,10.0,11.5,25.8156,79.5,64.0,12.0,7.75,19.0,129.0,95.0,60.5,60.0,,,79.5,99.5,52.5,23.5,36.0,,,,,,,,,,,,,,,104.0,,,,,,,,104.0,,,95.0,,,79.5,,,,,,,,,,,,
Q1-2011,50.0,21.25,39.5,31.0,32.0,16.0,10.0,11.5,28.32545,70.5,65.0,13.0,9.0,22.0,128.5,93.0,59.5,64.0,,,79.5,99.5,56.0,23.5,39.5,,,,,,,,,,,,,,,101.0,,,,,,,,101.0,,,93.0,,,70.5,,,,,,,,,,,,
Q2-2011,51.0,21.25,39.5,31.0,32.0,16.0,10.0,11.5,28.684,71.0,65.54622,13.0,9.5,22.0,130.0,94.5,60.0,66.25,,,83.5,99.5,58.0,31.5,40.0,,,,,,,,,,,,,,,102.0,,,,,,,,102.0,,,94.5,,,71.0,,,,,,,,,,,,
Q3-2011,51.0,20.75,39.0,31.0,31.5,16.0,10.0,11.5,28.684,71.5,65.54622,12.0,8.3,21.0,129.0,94.0,60.0,66.0,,,82.25,98.25,58.0,29.0,40.0,,,,,,,,,,,,,,,100.0,,,,,,,,100.0,,,94.0,,,71.5,,,,,,,,,,,,
Q4-2011,49.5,20.0,38.25,29.0,30.5,15.5,9.6875,11.14063,27.9669,69.0,64.45378,8.5,5.5,16.0,128.0,92.5,59.0,50.0,45.0,55.0,65.0,85.0,57.0,23.0,39.0,,,,,,,,,,,,,,,98.5,,,,,,,,98.5,,,92.5,,,69.0,,,,,,,,,,,,
Q1-2012,47.0,18.25,36.25,26.0,27.0,13.25,8.28125,9.52344,24.73995,65.5,62.26891,7.5,4.5,10.0,122.5,88.25,57.0,42.5,38.0,48.0,58.0,78.0,55.0,13.0,34.5,,,,,,,,,,,,,,,94.5,,,,,,,,94.5,,,88.25,,,65.5,,,,,,,,,,,,
Q2-2012,43.0,18.0,34.0,24.5,26.0,13.0,8.125,9.34375,23.6643,62.0,52.98319,7.5,4.5,10.5,113.0,82.5,48.5,46.0,38.0,48.0,58.0,78.0,49.0,13.0,33.0,,,,,,,,,,,,,,,88.0,,,,,,,,88.0,,,82.5,,,62.0,,,,,,,,,,,,
Q3-2012,37.5,18.0,30.75,23.75,25.0,13.0,8.125,9.34375,20.7959,58.5,49.15966,5.5,3.0,7.5,109.0,77.0,45.0,46.0,37.5,45.0,58.0,77.0,42.5,9.5,29.0,,,,,,,,,,,,,,,86.0,,,,,,,,86.0,,,77.0,,,58.5,,,,,,,,,,,,
Q4-2012,36.75,18.0,30.5,23.75,25.0,13.0,8.125,9.34375,20.0788,58.0,49.15966,5.0,2.5,7.0,107.0,76.5,45.0,42.5,35.0,45.0,56.0,80.0,40.0,9.0,28.0,,,,,,,,,,,,,,,85.5,,,,,,,,85.5,,,76.5,,,58.0,,,,,,,,,,,,
Q1-2013,36.75,18.0,30.0,23.5,25.0,13.0,8.125,9.34375,20.0788,57.5,48.61345,5.0,2.5,6.5,106.0,76.5,44.5,40.0,38.0,45.0,58.0,80.0,40.0,9.0,28.0,,,,,,,,,,,,,,,85.25,,,,,,,,85.25,,,76.5,,,57.5,,,,,,,,,,,,
Q2-2013,38.0,18.25,30.5,23.5,25.0,13.5,8.4375,9.70313,20.61663,60.0,50.2521,5.0,2.25,6.75,106.5,79.75,46.0,48.0,40.0,48.0,62.5,83.0,40.5,9.5,28.75,,,32.0,,,,,,,,,,,,89.0,,,,,,,,89.0,,,79.75,,,60.0,,,,,,,,,,,,
Q3-2013,38.75,18.75,31.0,25.0,25.5,14.0,8.75,10.0625,22.40938,64.5,54.07563,5.25,2.5,7.0,111.0,84.0,49.5,52.0,41.0,51.0,65.0,85.0,44.0,9.5,31.25,,,37.5,,,,,,,,,,,,94.5,,,,,,,,94.5,,,84.0,,,64.5,,,,,,,,,,,,
Q4-2013,39.0,19.5,31.5,25.5,26.0,14.0,8.75,10.0625,23.6643,65.5,55.16807,5.25,3.0,7.0,113.5,85.5,50.5,52.0,40.0,49.0,66.0,87.0,44.5,9.0,33.0,,,37.5,,,,,,,,,,,,95.5,,,,,,,,95.5,,,85.5,,,65.5,,,,,,,,,,,,
Q1-2014,39.5,19.75,32.0,26.5,26.75,14.5,9.0625,10.42188,24.73995,68.0,56.2605,5.25,3.0,7.0,117.0,88.0,51.5,52.0,37.0,45.0,66.0,87.0,46.0,9.5,34.5,,,37.5,,,,,,,,,,,,98.5,,,,,,,,98.5,,,88.0,,,68.0,,,,,,,,,,,,
Q2-2014,41.0,20.25,32.0,26.5,26.75,14.86709,9.29193,10.68572,24.73995,68.0,57.89916,5.25,3.25,7.0,116.5,88.5,53.0,52.0,35.0,43.0,66.0,87.0,,10.25,34.5,,,37.5,,,,,,,,,,,,98.5,,,,,,,,98.5,,,88.5,,,68.0,,,,,,,,,,,,
Q3-2014,41.5,19.5,32.0,26.25,26.0,14.31646,8.94778,10.28995,24.3814,67.75,58.44538,3.75,2.5,7.5,115.5,88.0,53.5,50.0,35.0,43.0,66.0,87.0,,10.25,34.0,,,30.0,,,,,,,,,,,,98.0,,,,,,,,98.0,,,88.0,,,67.75,,,,,,,,,,,,
Q4-2014,41.5,19.5,32.5,27.0,27.0,14.31646,8.94778,10.28995,24.3814,67.75,58.44538,3.25,2.5,7.5,116.0,89.0,53.5,44.0,35.0,43.0,64.0,85.0,,10.25,34.0,154.0,134.5,22.0,,,,,,,,,,,,99.0,,154.0,,,,,,99.0,,,89.0,,,67.75,,,,,,,,,,,,
Q1-2015,41.0,19.5,31.0,27.0,27.0,14.31646,8.94778,10.28995,23.30575,67.5,,3.75,2.75,8.0,116.0,89.0,53.0,44.0,35.0,43.0,64.0,86.0,,11.5,32.5,154.0,134.5,24.5,,,,,,,,,,,,99.0,,154.0,,,,,,99.0,,,89.0,,,67.5,,,,,,,,,,,,
Q2-2015,40.5,19.0,31.0,27.75,26.5,13.94937,8.71835,10.02611,22.76793,67.5,,5.0,3.5,8.5,116.0,89.0,52.0,44.0,38.0,43.0,64.0,88.0,,11.5,31.75,154.0,134.5,26.0,110.0,,,18.0,,,,,,,,99.0,,154.0,,,,,,99.0,,,89.0,,,67.5,,,,,,,,,,,,
Q3-2015,40.0,19.0,30.5,27.75,26.5,13.94937,8.71835,10.02611,22.76793,67.0,,6.25,4.25,8.5,116.0,89.0,51.0,40.0,38.0,45.0,60.0,88.0,,11.5,31.75,154.0,134.5,23.0,110.0,,,16.0,,,,,,,,99.0,,154.0,,,,,,99.0,,,89.0,,,67.0,,,,,,,,,,,,
Q4-2015,38.0,18.75,29.5,26.25,25.0,13.76582,8.60364,9.89419,21.513,66.5,,6.0,4.0,8.0,116.0,89.0,49.0,36.0,37.0,44.0,60.0,88.0,,9.0,30.0,154.0,134.5,20.0,100.0,,,13.0,,,,,,,,99.0,,154.0,,,,,,99.0,,,89.0,,,66.5,,,,,,,,,,,,
Q1-2016,37.0,18.0,29.25,25.75,24.75,13.21519,8.25949,9.49842,21.33373,65.5,,4.0,2.5,4.5,115.0,88.5,48.0,26.0,36.0,44.0,52.0,80.0,,5.5,29.75,153.0,133.5,15.0,95.0,,,7.5,,,,,,,,98.5,,153.0,,,,,,98.5,,,88.5,,,65.5,,,,,,,,,,,,
Q2-2016,34.5,17.0,28.25,24.5,23.5,12.48101,7.80063,8.97073,20.7959,62.0,,4.75,3.0,4.25,110.5,84.5,44.0,21.0,36.0,44.0,52.0,80.0,,5.5,29.0,147.5,128.5,12.5,93.0,,,7.0,,,,,,,,94.5,,147.5,,,,,,94.5,,,84.5,,,62.0,,,,,,,,,,,,
Q3-2016,33.5,16.75,28.0,23.0,22.5,12.29747,7.68592,8.83881,20.43735,60.5,,4.75,3.0,4.5,109.0,83.0,43.5,17.0,34.0,42.0,48.0,68.0,,5.5,28.5,145.5,127.0,10.0,90.0,,,7.5,15.0,,,,,,,93.0,,145.5,,,,,,93.0,,,83.0,,,60.5,,,,,,,,,,,,
Q4-2016,33.0,16.25,27.0,22.25,21.75,11.93038,7.45649,8.57496,19.3617,60.0,,4.25,3.0,4.5,109.0,83.0,43.0,16.0,30.0,34.0,44.0,68.0,,5.0,27.0,145.5,127.0,9.5,90.0,16.0,18.0,7.75,15.0,,,,,,,93.0,,145.5,,,,,,93.0,,,83.0,,,60.0,,,,,,,,,,,,
Q1-2017,32.5,16.25,26.0,21.5,21.0,11.93038,7.45649,8.57496,18.6446,60.0,,4.5,3.0,5.5,109.0,83.0,42.5,18.0,30.0,34.0,44.0,68.0,,6.5,26.0,145.0,127.0,13.0,90.0,16.0,18.0,11.0,17.0,,,,,,,93.0,,145.0,,,,,,93.0,,,83.0,,,60.0,,,,,,,,,,,,
Q2-2017,33.25,16.5,27.75,22.5,22.25,12.11392,7.5712,8.70688,19.89953,60.0,,5.75,3.5,6.0,109.0,83.0,43.5,21.0,30.0,34.0,44.0,68.0,,6.5,27.75,143.0,126.0,15.5,87.0,17.0,19.0,11.0,22.0,,,,,,,93.0,,143.0,,,,,,93.0,,,83.0,,,60.0,,,,,,,,,,,,
Q3-2017,33.5,16.75,28.25,22.5,22.5,12.29747,7.68592,8.83881,20.0788,60.0,,5.5,3.5,6.75,108.5,83.0,43.5,24.0,30.0,34.0,44.0,62.0,,7.75,28.0,142.0,125.0,17.0,87.0,19.0,23.0,12.0,30.0,,,,,,,93.0,,142.0,,,,,,93.0,,,83.0,,,60.0,,,,,,,,,,,,
Q4-2017,34.0,16.5,28.75,22.5,22.5,12.11392,7.5712,8.70688,20.43735,60.5,,7.0,4.5,7.25,107.0,83.0,44.0,24.0,30.0,34.0,44.0,64.0,,8.0,28.5,140.0,123.0,17.0,87.0,19.0,23.0,12.75,30.0,,,,,,,92.0,,140.0,,,,,,92.0,,,83.0,,,60.5,,,,,,,,,,,,
Q1-2018,36.5,17.5,30.5,24.0,24.0,12.8481,8.03006,9.23457,21.513,62.5,,7.0,5.0,8.0,110.0,85.5,46.5,28.0,34.0,38.0,55.0,85.5,,8.5,30.0,142.0,126.0,20.0,92.0,23.0,28.25,14.5,32.0,,,94.5,73.0,,,95.0,,142.0,,,,,,95.0,,,85.5,,,62.5,,,,,,,,,,,,
Q2-2018,37.0,18.25,32.5,25.75,25.5,13.39873,8.37421,9.63034,22.9472,63.5,,7.0,5.0,8.0,111.5,86.5,48.0,30.0,34.0,38.0,55.0,86.5,,9.5,32.0,143.5,127.5,24.0,92.0,23.0,28.25,15.0,34.0,,,96.0,73.0,,,96.0,,143.5,,,,,,96.0,,,86.5,,,63.5,,,,,,,,,,,,
Q3-2018,39.0,19.0,34.75,26.5,26.0,13.94937,8.71835,10.02611,24.56068,67.25,,6.75,5.0,8.0,114.0,90.0,49.75,30.0,34.0,38.0,55.0,87.5,,9.5,34.25,146.0,130.0,24.0,92.0,23.0,28.25,15.0,31.0,,,96.0,73.0,,,99.5,,146.0,,,,,,99.5,,,90.0,,,67.25,,,,,,,,,,,,
Q4-2018,39.0,19.0,35.0,26.5,26.0,13.94937,8.71835,10.02611,24.73995,69.0,,5.5,4.0,8.0,115.0,89.0,49.75,30.0,34.0,38.0,55.0,87.5,,9.0,34.5,149.0,,24.0,92.0,23.0,27.0,14.0,30.0,,,96.0,73.0,117.0,,101.0,,149.0,,,117.0,,,101.0,,,89.0,,,69.0,,,,,,,,,,,,
Q1-2019,41.5,19.75,35.0,26.5,26.25,14.5,9.0625,10.42188,24.73995,72.0,,5.0,3.5,7.25,115.0,89.5,53.0,38.0,33.0,37.0,55.0,87.5,,8.25,34.5,149.0,,22.5,84.0,22.0,26.0,13.5,28.5,9.25,80.0,96.0,73.0,117.0,,101.0,,149.0,,,117.0,,,101.0,,,89.5,,,72.0,,,,,,,,,,,,
Q2-2019,41.5,19.5,34.5,26.5,26.25,14.31646,8.94778,10.28995,24.3814,72.0,,6.0,4.0,7.0,111.5,89.0,53.0,45.0,33.0,37.0,65.0,87.5,,8.25,34.0,146.0,,22.5,84.0,22.0,27.0,15.0,28.5,9.5,80.0,96.0,73.0,114.0,22.5,100.0,,146.0,,,114.0,,,100.0,,,89.0,,,72.0,,,,,,,,,,,,
Q3-2019,41.5,19.25,32.0,25.5,26.25,14.13291,8.83307,10.15803,22.9472,72.0,,6.0,4.0,7.0,111.0,89.0,53.0,45.0,33.0,37.0,65.0,90.0,,8.25,32.0,146.0,,22.5,84.0,22.0,28.5,14.0,29.0,9.5,80.0,96.0,76.0,114.5,24.0,99.0,,146.0,,,114.5,,,99.0,,,89.0,,,72.0,,,,,,,,,,,,
Q4-2019,41.5,18.75,31.5,25.25,26.0,13.76582,8.60364,,,71.5,,4.75,3.25,7.0,109.0,89.0,53.0,46.0,33.0,37.0,66.0,95.0,,8.25,32.0,146.0,,23.0,100.0,22.0,29.0,15.0,30.5,9.5,85.0,107.0,78.0,113.5,24.0,98.0,,146.0,,,113.5,,,98.0,,,89.0,,,71.5,,,,,,,,,,,,
Q1-2020,42.0,18.5,31.0,24.5,25.25,13.58228,8.48892,,,71.5,,4.25,2.75,7.0,109.0,89.0,53.5,46.0,33.0,37.0,66.0,95.0,,8.5,32.0,146.0,,22.25,100.0,24.75,29.0,15.0,30.5,10.0,85.0,107.0,78.0,113.5,24.0,98.0,82.0,146.0,,,113.5,,,98.0,,,89.0,,,71.5,,,,,,,,,,,,
Q2-2020,42.0,18.0,30.0,24.0,24.75,13.21519,8.25949,,,71.5,,3.75,2.25,6.0,108.0,88.0,53.5,45.5,32.5,36.5,66.5,92.0,,7.0,30.5,144.0,,21.0,99.0,24.25,28.5,11.5,30.5,8.0,84.0,104.0,77.0,112.0,23.0,97.0,82.0,144.0,,,112.0,,,97.0,,,88.0,,,71.5,,,,,,,,,,,,
Q3-2020,40.0,17.5,30.0,23.0,23.5,12.8481,8.03006,,,71.5,,3.75,2.25,6.0,108.0,88.0,53.5,45.5,32.5,36.5,66.5,92.0,,7.5,30.25,144.0,,21.0,95.0,24.25,28.5,13.5,30.5,8.5,84.0,104.0,77.0,112.0,23.0,96.0,76.0,144.0,,,112.0,,,96.0,,,88.0,,,71.5,,,,,,,,,,,,
Q4-2020,40.25,18.0,30.0,22.5,23.0,13.21519,8.25949,,,72.0,,5.0,3.0,11.0,102.0,87.5,53.5,45.5,37.5,41.5,66.5,92.0,,14.0,30.25,142.0,,34.0,95.0,29.5,35.0,24.5,38.0,15.0,84.0,104.0,77.0,106.0,28.0,97.0,76.0,142.0,,,106.0,,,97.0,,,87.5,,,72.0,,,,,,,,,,,,
Q1-2021,45.5,20.0,34.0,24.5,24.5,14.68354,9.17722,,,77.0,,7.5,5.5,16.5,113.0,102.0,60.5,58.0,42.0,53.0,70.0,97.0,,30.0,33.0,150.0,,50.0,108.0,33.0,45.0,40.0,55.0,30.0,92.0,110.0,90.0,117.0,42.0,109.0,85.0,150.0,,,117.0,,,109.0,,,102.0,,,77.0,,,,,,,,,,,,
Q2-2021,47.0,21.5,36.5,27.0,26.0,15.78481,9.86551,,,79.0,,17.0,12.5,35.75,128.0,114.0,65.5,85.0,58.0,68.0,95.0,125.0,,54.0,35.5,165.0,,70.0,117.0,55.0,65.0,62.0,73.0,58.0,115.0,130.0,110.0,133.0,64.0,124.0,97.0,165.0,,,133.0,,,124.0,,,114.0,,,79.0,,,,,,,,,,,,
Q3-2021,48.5,23.0,38.5,28.75,27.75,16.88608,10.5538,,,80.5,,21.0,17.0,46.0,143.5,125.25,70.0,88.0,62.0,72.0,100.0,130.0,,56.0,37.25,182.0,,74.0,117.0,59.0,69.0,66.0,90.0,60.0,115.0,140.0,110.0,150.0,85.0,138.25,100.0,182.0,,,150.0,,,138.25,,,125.25,,,80.5,,,,,,,,,,,,
Q4-2021,50.0,23.5,40.0,29.5,28.0,17.25316,10.78323,,,83.5,,21.0,17.0,46.0,148.0,128.5,71.0,140.0,69.0,110.0,152.0,162.0,,58.0,39.0,189.0,,115.0,157.0,66.0,105.0,95.0,125.0,68.0,160.0,175.0,150.0,155.0,105.0,141.5,140.0,189.0,,,155.0,,,141.5,,,128.5,,,83.5,,,,,,,,,,,,
Q1-2022,52.0,24.25,42.0,29.5,28.0,17.8038,11.12737,,,83.5,,25.0,21.0,57.0,149.5,130.0,73.0,163.0,105.0,110.0,175.0,182.0,,83.0,41.0,199.5,,135.0,175.0,95.0,105.0,115.0,140.0,93.0,180.0,190.0,175.0,156.0,120.0,143.0,155.0,199.5,,,156.0,,,143.0,,,130.0,,,83.5,,,,,,,,,,,,
Q2-2022,53.5,24.5,43.0,31.0,29.0,17.98734,11.24209,,,85.0,,24.0,19.0,57.0,155.0,132.0,74.0,163.0,105.0,110.0,175.0,182.0,,70.0,41.0,209.0,,135.0,175.0,95.0,105.0,115.0,140.0,75.0,180.0,190.0,175.0,163.0,120.0,149.0,155.0,209.0,,,163.0,,,149.0,,,132.0,,,85.0,,,,,,,,,,,,
Q3-2022,54.0,24.5,43.0,31.0,29.0,17.98734,11.24209,,,86.0,,23.0,18.0,48.5,153.0,131.5,74.0,146.0,94.5,99.0,157.0,163.0,,58.5,41.0,215.0,,121.0,157.0,85.5,94.5,103.0,126.0,60.5,162.0,171.0,157.0,161.0,108.0,148.0,139.0,215.0,,,161.0,,,148.0,,,131.5,,,86.0,,,,,,,,,,,,
Q4-2022,54.0,23.25,42.0,31.0,29.0,17.06962,10.66851,,,86.0,,10.0,7.5,18.0,144.5,128.0,73.0,70.0,50.0,70.0,85.0,125.0,,23.0,40.5,215.0,,45.0,103.0,42.0,54.0,36.5,64.0,24.0,105.0,135.0,97.0,153.0,50.0,138.0,80.0,215.0,,,153.0,,,138.0,,,128.0,,,86.0,,,,,,,,,,,,
Q1-2023,54.0,23.5,42.0,30.0,29.0,17.25316,10.78323,,,87.0,,10.5,8.5,17.0,145.0,128.0,73.0,70.0,50.0,65.0,82.0,120.0,,20.0,40.0,215.0,,45.0,98.0,42.0,50.0,32.0,59.0,21.0,100.0,130.0,92.0,153.0,45.0,138.0,75.0,215.0,,,153.0,,,138.0,,,128.0,,,87.0,,,,,,,,,,,,
Q2-2023,54.5,24.25,42.5,31.0,30.5,17.8038,11.12737,,,92.0,,10.5,8.5,18.5,150.0,129.5,75.0,70.0,50.0,65.0,82.0,110.0,,22.0,40.5,225.0,,45.0,90.0,42.0,50.0,32.0,59.0,23.0,92.5,120.0,85.0,163.5,45.0,142.5,75.0,225.0,,,163.5,,,142.5,,,129.5,,,92.0,,,,,,,,,,,,
Q3-2023,54.5,24.5,41.25,30.5,29.5,17.98734,11.24209,,,93.0,,10.0,8.0,16.0,157.0,132.0,75.0,66.0,49.0,64.0,78.0,108.0,,20.5,39.5,230.0,,41.0,88.0,41.0,49.0,28.0,57.0,21.5,90.5,118.0,83.0,166.0,43.0,148.0,73.0,230.0,254.0,258.0,166.0,189.0,193.0,148.0,170.0,174.0,132.0,153.0,157.0,93.0,113.5,117.25,,,,,,,,,,
Q4-2023,56.75,24.0,41.25,30.5,29.5,17.98734,11.24209,,,93.5,,9.0,7.0,13.0,158.0,132.0,76.5,64.0,47.0,62.0,76.0,106.0,,17.0,39.5,235.5,,36.0,84.0,38.0,46.0,23.0,52.0,18.0,89.0,116.0,81.0,168.5,38.0,148.0,68.0,235.5,258.5,262.5,168.5,189.5,193.5,148.0,168.5,172.5,132.0,152.5,156.0,93.5,113.5,117.0,,,,,,,,,,
Q1-2024,57.5,24.0,41.25,30.5,29.5,17.62025,11.01266,,,118.5,,14.0,8.0,18.5,,157.25,77.25,71.0,52.0,69.0,84.0,114.0,,21.0,39.5,265.5,,42.0,87.0,41.0,50.0,28.0,56.0,21.5,96.0,123.0,88.0,196.25,43.0,174.0,70.0,238.0,259.5,265.5,170.0,191.0,196.25,148.5,168.75,174.0,132.0,152.25,157.25,94.0,113.5,118.5,,,,,,,,,,
Q2-2024,59.5,24.5,41.25,30.5,29.75,17.98734,11.24209,,,122.0,,14.5,8.0,25.0,,159.25,79.0,79.0,58.0,77.0,96.0,132.0,,32.0,39.5,268.5,,52.0,94.0,45.0,61.0,40.0,64.0,32.5,103.0,142.0,94.0,199.0,51.0,177.5,77.0,239.0,260.5,268.5,171.0,192.0,199.0,150.0,170.0,177.5,133.0,153.25,159.25,96.0,115.5,122.0,,,,,,,,,,
Q3-2024,61.0,24.5,42.0,32.0,30.5,17.98734,11.24209,,,128.5,,14.5,8.0,26.0,,159.0,81.0,79.0,62.0,82.0,96.0,132.0,,34.0,40.5,273.5,,54.0,94.0,50.0,70.0,42.0,64.0,35.0,103.0,142.0,94.0,203.0,51.0,182.5,77.0,242.0,264.5,273.5,174.0,194.5,203.0,152.5,172.5,182.5,131.5,150.5,159.0,98.0,119.0,128.5,,,,,,,,,,
Q4-2024,60.5,25.0,43.5,32.5,31.5,18.35443,11.47152,,,130.0,,15.5,9.5,29.0,,159.0,80.0,79.0,62.0,82.0,96.0,132.0,,38.0,41.0,275.0,,55.0,96.0,50.0,70.0,43.0,65.0,39.0,105.0,145.0,96.0,204.0,52.0,183.0,78.0,244.0,265.0,275.0,174.5,195.0,204.0,153.0,173.0,183.0,130.0,149.0,159.0,101.0,119.0,130.0,,,,,,,,,,
Q1-2025,61.0,25.0,43.5,32.5,,18.35443,11.47152,,,130.0,,15.5,9.5,31.0,,147.0,80.0,79.0,62.0,82.0,96.0,132.0,,40.0,,274.0,,67.0,112.0,50.0,70.0,45.0,65.0,41.0,105.0,150.0,96.0,202.5,52.0,182.0,86.0,244.0,265.0,274.0,173.5,194.0,202.5,154.5,174.0,182.0,123.0,139.0,147.0,104.5,123.0,130.0,45.0,61.0,76.0,55.0,84.0,155.0,61.0,121.0,93.0,
Q2-2025,60.5,24.5,43.25,32.0,,17.98734,11.24209,,,130.0,,17.0,13.0,33.0,,143.0,80.0,82.0,62.0,82.0,96.0,132.0,,40.0,,273.0,,71.0,113.0,50.0,70.0,53.0,69.0,41.0,106.0,148.0,97.0,202.5,60.0,179.0,87.0,243.0,264.0,273.0,174.0,195.0,202.5,151.0,171.5,179.0,119.0,135.5,143.0,106.0,122.5,130.0,45.0,61.0,79.0,64.0,85.0,155.0,70.0,126.0,98.0,45.0
Q3-2025,60.5,24.25,43.25,32.0,,17.8038,11.12737,,,130.0,,18.0,14.0,33.0,,143.0,79.0,85.0,62.0,82.0,96.0,132.0,,40.0,,270.0,,76.0,117.0,51.0,71.0,59.0,82.0,41.0,110.0,148.0,99.0,200.0,77.0,176.5,91.0,240.0,261.0,270.0,171.0,192.0,200.0,148.5,169.0,176.5,119.0,135.5,143.0,106.0,122.5,130.0,46.0,64.0,87.0,79.0,90.0,155.0,82.0,130.0,102.0,45.0
Q4-2025,60.5,24.25,43.25,32.0,,17.8038,11.12737,,,128.0,,18.0,14.0,33.5,,141.0,78.0,85.0,62.0,82.0,96.0,132.0,,41.0,,262.0,,76.0,117.0,51.0,71.0,59.0,82.0,42.0,110.0,148.0,99.0,194.0,77.0,172.0,91.0,235.0,252.5,262.0,167.0,183.5,194.0,145.5,162.0,172.0,118.0,132.0,141.0,105.0,117.0,128.0,46.0,64.0,87.0,79.0,90.0,155.0,82.0,130.0,102.0,45.0
Q1-2026,60.5,24.5,43.5,32.0,,17.98734,11.24209,,,128.0,,18.0,14.0,38.0,,142.0,79.5,85.0,62.0,82.0,96.0,132.0,,45.0,,260.0,,76.0,118.0,51.0,71.0,60.0,83.0,46.0,111.0,148.0,99.0,193.0,78.0,171.5,92.0,234.0,250.0,260.0,167.0,183.0,193.0,145.5,161.5,171.5,118.5,132.0,142.0,105.0,117.0,128.0,47.0,64.0,88.0,80.0,91.0,155.0,83.0,131.0,103.0,45.25
