period,gas_lng_147k_nb_usdm,index_gas_nb,gas_lng_160k_nb_usdm,index_gas_nb_yoy_pct,gas_lng_174k_nb_usdm,gas_lng_hist_nb_usdm,gas_lng_160k_5yr_usdm,gas_lng_145k_10yr_usdm,gas_lng_145k_15yr_usdm,gas_lng_160k_10yr_usdm,gas_lng_174k_5yr_usdm
Jan-1980,,140.47068,,,,,,,,,
Feb-1980,,140.47068,,,,,,,,,
Mar-1980,,141.92342,,,,,,,,,
Apr-1980,,142.18284,,,,,,,,,
May-1980,,142.83472,,,,,,,,,
Jun-1980,,144.28746,,,,,,,,,
Jul-1980,,144.28746,,,,,,,,,
Aug-1980,,144.6134,,,,,,,,,
Sep-1980,,144.87282,,,,,,,,,
Oct-1980,,146.32556,,,,,,,,,
Nov-1980,,146.32556,,,,,,,,,
Dec-1980,,146.32556,,,,,,,,,
Jan-1981,,146.32556,,4.16805,,,,,,,
Feb-1981,,150.54944,,7.17499,,,,,,,
Mar-1981,,150.54944,,6.07793,,,,,,,
Apr-1981,,150.54944,,5.88439,,,,,,,
May-1981,,150.54944,,5.40115,,,,,,,
Jun-1981,,150.54944,,4.33993,,,,,,,
Jul-1981,,150.54944,,4.33993,,,,,,,
Aug-1981,,141.3966,,-2.22441,,,,,,,
Sep-1981,,141.3966,,-2.39949,,,,,,,
Oct-1981,,141.3966,,-3.36849,,,,,,,
Nov-1981,,141.3966,,-3.36849,,,,,,,
Dec-1981,,141.3966,,-3.36849,,,,,,,
Jan-1982,,141.3966,,-3.36849,,,,,,,
Feb-1982,,141.3966,,-6.07962,,,,,,,
Mar-1982,,141.3966,,-6.07962,,,,,,,
Apr-1982,,141.3966,,-6.07962,,,,,,,
May-1982,,141.3966,,-6.07962,,,,,,,
Jun-1982,,137.17273,,-8.88526,,,,,,,
Jul-1982,,137.17273,,-8.88526,,,,,,,
Aug-1982,,132.62292,,-6.20502,,,,,,,
Sep-1982,,124.78182,,-11.75048,,,,,,,
Oct-1982,,124.78182,,-11.75048,,,,,,,
Nov-1982,,115.87378,,-18.05053,,,,,,,
Dec-1982,,115.87378,,-18.05053,,,,,,,
Jan-1983,,115.87378,,-18.05053,,,,,,,
Feb-1983,,115.87378,,-18.05053,,,,,,,
Mar-1983,,115.87378,,-18.05053,,,,,,,
Apr-1983,,111.97584,,-20.80726,,,,,,,
May-1983,,111.97584,,-20.80726,,,,,,,
Jun-1983,,111.97584,,-18.36873,,,,,,,
Jul-1983,,111.97584,,-18.36873,,,,,,,
Aug-1983,,104.71211,,-21.04524,,,,,,,
Sep-1983,,104.71211,,-16.08384,,,,,,,
Oct-1983,,103.25937,,-17.24807,,,,,,,
Nov-1983,,100.3113,,-13.43054,,,,,,,
Dec-1983,,98.85856,,-14.68427,,,,,,,
Jan-1984,,97.40581,,-15.938,,,,,,,
Feb-1984,,97.40581,,-15.938,,,,,,,
Mar-1984,,98.85856,,-14.68427,,,,,,,
Apr-1984,,98.85856,,-11.71439,,,,,,,
May-1984,,98.85856,,-11.71439,,,,,,,
Jun-1984,,98.85856,,-11.71439,,,,,,,
Jul-1984,,98.85856,,-11.71439,,,,,,,
Aug-1984,,96.90294,,-7.45776,,,,,,,
Sep-1984,,96.90294,,-7.45776,,,,,,,
Oct-1984,,91.13719,,-11.73955,,,,,,,
Nov-1984,,87.99489,,-12.27819,,,,,,,
Dec-1984,,87.99489,,-10.9891,,,,,,,
Jan-1985,,87.99489,,-9.66156,,,,,,,
Feb-1985,,87.99489,,-9.66156,,,,,,,
Mar-1985,,87.99489,,-10.9891,,,,,,,
Apr-1985,,79.60568,,-19.47517,,,,,,,
May-1985,,79.60568,,-19.47517,,,,,,,
Jun-1985,,81.68103,,-17.37586,,,,,,,
Jul-1985,,86.03927,,-12.9673,,,,,,,
Aug-1985,,86.03927,,-11.21087,,,,,,,
Sep-1985,,86.03927,,-11.21087,,,,,,,
Oct-1985,,84.58653,,-7.18769,,,,,,,
Nov-1985,,84.58653,,-3.87337,,,,,,,
Dec-1985,,83.28943,,-5.34742,,,,,,,
Jan-1986,150.0,83.28943,,-5.34742,,150.0,,,,,
Feb-1986,150.0,83.28943,,-5.34742,,150.0,,,,,
Mar-1986,150.0,83.28943,,-5.34742,,150.0,,,,,
Apr-1986,150.0,83.28943,,4.62749,,150.0,,,,,
May-1986,150.0,83.28943,,4.62749,,150.0,,,,,
Jun-1986,150.0,83.28943,,1.96912,,150.0,,,,,
Jul-1986,150.0,83.28943,,-3.19603,,150.0,,,,,
Aug-1986,150.0,83.28943,,-3.19603,,150.0,,,,,
Sep-1986,150.0,85.89692,,-0.16545,,150.0,,,,,
Oct-1986,150.0,85.89692,,1.54918,,150.0,,,,,
Nov-1986,150.0,85.89692,,1.54918,,150.0,,,,,
Dec-1986,150.0,88.49111,,6.24531,,150.0,,,,,
Jan-1987,150.0,91.75048,,10.15861,,150.0,,,,,
Feb-1987,150.0,94.34467,,13.27328,,150.0,,,,,
Mar-1987,150.0,95.64176,,14.83061,,150.0,,,,,
Apr-1987,150.0,95.64176,,14.83061,,150.0,,,,,
May-1987,150.0,94.18902,,13.0864,,150.0,,,,,
Jun-1987,150.0,94.18902,,13.0864,,150.0,,,,,
Jul-1987,150.0,94.18902,,13.0864,,150.0,,,,,
Aug-1987,150.0,94.18902,,13.0864,,150.0,,,,,
Sep-1987,150.0,94.18902,,9.65354,,150.0,,,,,
Oct-1987,150.0,94.18902,,9.65354,,150.0,,,,,
Nov-1987,150.0,97.09451,,13.03607,,150.0,,,,,
Dec-1987,150.0,97.09451,,9.72233,,150.0,,,,,
Jan-1988,150.0,100.0,,8.99126,,150.0,,,,,
Feb-1988,150.0,100.0,,5.99433,,150.0,,,,,
Mar-1988,150.0,100.0,,4.55684,,150.0,,,,,
Apr-1988,147.5,100.0,,4.55684,,147.5,,,,,
May-1988,147.5,111.42774,,18.30226,,147.5,,,,,
Jun-1988,145.0,111.42774,,18.30226,,145.0,,,,,
Jul-1988,142.5,111.42774,,18.30226,,142.5,,,,,
Aug-1988,140.0,111.42774,,18.30226,,140.0,,,,,
Sep-1988,150.0,111.42774,,18.30226,,150.0,,,,,
Oct-1988,160.0,111.42774,,18.30226,,160.0,,,,,
Nov-1988,170.0,111.42774,,14.76214,,170.0,,,,,
Dec-1988,180.0,120.64708,,24.25737,,180.0,,,,,
Jan-1989,190.0,131.00788,,31.00788,,190.0,,,,,
Feb-1989,200.0,132.04555,,32.04555,,200.0,,,,,
Mar-1989,210.0,132.04555,,32.04555,,210.0,,,,,
Apr-1989,220.0,136.35856,,36.35856,,220.0,,,,,
May-1989,230.0,136.35856,,22.37398,,230.0,,,,,
Jun-1989,240.0,136.35856,,22.37398,,240.0,,,,,
Jul-1989,240.0,136.35856,,22.37398,,240.0,,,,,
Aug-1989,240.0,136.35856,,22.37398,,240.0,,,,,
Sep-1989,240.0,136.35856,,22.37398,,240.0,,,,,
Oct-1989,240.0,136.35856,,22.37398,,240.0,,,,,
Nov-1989,245.0,140.56779,,26.15153,,245.0,,,,,
Dec-1989,245.0,140.56779,,16.51156,,245.0,,,,,
Jan-1990,245.0,138.69998,,5.87148,,245.0,,,,,
Feb-1990,245.0,138.69998,,5.03949,,245.0,,,,,
Mar-1990,245.0,141.94604,,7.49778,,245.0,,,,,
Apr-1990,245.0,146.39208,,7.35819,,245.0,,,,,
May-1990,245.0,149.29757,,9.48897,,245.0,,,,,
Jun-1990,250.0,146.39208,,7.35819,,250.0,,,,,
Jul-1990,250.0,146.39208,,7.35819,,250.0,,,,,
Aug-1990,250.0,146.39208,,7.35819,,250.0,,,,,
Sep-1990,250.0,148.21467,,8.6948,,250.0,,,,,
Oct-1990,250.0,155.4784,,14.02174,,250.0,,,,,
Nov-1990,250.0,159.42156,,13.41258,,250.0,,,,,
Dec-1990,250.0,159.42156,,13.41258,,250.0,,,,,
Jan-1991,255.0,159.42156,,14.93986,,255.0,,,,,
Feb-1991,255.0,159.42156,,14.93986,,255.0,,,,,
Mar-1991,255.0,159.42156,,12.31138,,255.0,,,,,
Apr-1991,255.0,159.42156,,8.9004,,255.0,,,,,
May-1991,255.0,159.42156,,6.78108,,255.0,,,,,
Jun-1991,255.0,159.42156,,8.9004,,255.0,,,,,
Jul-1991,260.0,159.42156,,8.9004,,260.0,,,,,
Aug-1991,260.0,167.67774,,14.54017,,260.0,,,,,
Sep-1991,260.0,167.67774,,13.13168,,260.0,,,,,
Oct-1991,260.0,167.67774,,7.84633,,260.0,,,,,
Nov-1991,260.0,167.67774,,5.17883,,260.0,,,,,
Dec-1991,260.0,167.67774,,5.17883,,260.0,,,,,
Jan-1992,280.0,166.64006,,4.52793,,280.0,,,,,
Feb-1992,280.0,166.64006,,4.52793,,280.0,,,,,
Mar-1992,260.0,166.12122,,4.20248,,260.0,,,,,
Apr-1992,260.0,166.12122,,4.20248,,260.0,,,,,
May-1992,260.0,165.08355,,3.55158,,260.0,,,,,
Jun-1992,260.0,165.08355,,3.55158,,260.0,,,,,
Jul-1992,260.0,159.42156,,0.0,,260.0,,,,,
Aug-1992,260.0,155.8642,,-7.04538,,260.0,,,,,
Sep-1992,258.0,155.8642,,-7.04538,,258.0,,,,,
Oct-1992,258.0,151.65496,,-9.5557,,258.0,,,,,
Nov-1992,258.0,151.65496,,-9.5557,,258.0,,,,,
Dec-1992,258.0,151.65496,,-9.5557,,258.0,,,,,
Jan-1993,258.0,151.65496,,-8.9925,,258.0,,,,,
Feb-1993,258.0,151.65496,,-8.9925,,258.0,,,,,
Mar-1993,258.0,151.65496,,-8.70826,,258.0,,,,,
Apr-1993,258.0,151.65496,,-8.70826,,258.0,,,,,
May-1993,258.0,151.65496,,-8.13442,,258.0,,,,,
Jun-1993,260.0,153.73031,,-6.87727,,260.0,,,,,
Jul-1993,250.0,153.73031,,-3.56994,,250.0,,,,,
Aug-1993,250.0,153.73031,,-1.36907,,250.0,,,,,
Sep-1993,250.0,153.73031,,-1.36907,,250.0,,,,,
Oct-1993,250.0,153.73031,,1.36847,,250.0,,,,,
Nov-1993,230.0,151.65496,,0.0,,230.0,,,,,
Dec-1993,230.0,151.65496,,0.0,,230.0,,,,,
Jan-1994,225.0,151.65496,,0.0,,225.0,,,,,
Feb-1994,225.0,149.57961,,-1.36847,,225.0,,,,,
Mar-1994,223.0,148.54193,,-2.0527,,223.0,,,,,
Apr-1994,223.0,141.73851,,-6.53883,,223.0,,,,,
May-1994,223.0,136.07652,,-10.27229,,223.0,,,,,
Jun-1994,223.0,135.42465,,-11.90765,,223.0,,,,,
Jul-1994,220.0,134.90581,,-12.24515,,220.0,,,,,
Aug-1994,220.0,134.90581,,-12.24515,,220.0,,,,,
Sep-1994,220.0,134.00117,,-12.8336,,220.0,,,,,
Oct-1994,220.0,134.00117,,-12.8336,,220.0,,,,,
Nov-1994,222.0,134.00117,,-11.64076,,222.0,,,,,
Dec-1994,222.0,134.00117,,-11.64076,,222.0,,,,,
Jan-1995,225.0,134.52001,,-11.29864,,225.0,,,,,
Feb-1995,225.0,134.52001,,-10.06795,,225.0,,,,,
Mar-1995,225.0,134.52001,,-9.43971,,225.0,,,,,
Apr-1995,225.0,134.52001,,-5.09283,,225.0,,,,,
May-1995,230.0,135.55768,,-0.38128,,230.0,,,,,
Jun-1995,230.0,135.55768,,0.09824,,230.0,,,,,
Jul-1995,230.0,136.59536,,1.25239,,230.0,,,,,
Aug-1995,230.0,136.59536,,1.25239,,230.0,,,,,
Sep-1995,230.0,136.59536,,1.93595,,230.0,,,,,
Oct-1995,230.0,136.59536,,1.93595,,230.0,,,,,
Nov-1995,230.0,136.59536,,1.93595,,230.0,,,,,
Dec-1995,230.0,136.59536,,1.93595,,230.0,,,,,
Jan-1996,220.0,135.55768,,0.77139,,220.0,,,,,
Feb-1996,220.0,135.55768,,0.77139,,220.0,,,,,
Mar-1996,220.0,134.90581,,0.2868,,220.0,,,,,
Apr-1996,220.0,133.45307,,-0.79315,,220.0,,,,,
May-1996,220.0,133.45307,,-1.55256,,220.0,,,,,
Jun-1996,220.0,133.45307,,-1.55256,,220.0,,,,,
Jul-1996,220.0,133.45307,,-2.30044,,220.0,,,,,
Aug-1996,220.0,133.45307,,-2.30044,,220.0,,,,,
Sep-1996,220.0,133.45307,,-2.30044,,220.0,,,,,
Oct-1996,220.0,133.45307,,-2.30044,,220.0,,,,,
Nov-1996,220.0,133.45307,,-2.30044,,220.0,,,,,
Dec-1996,220.0,133.45307,,-2.30044,,220.0,,,,,
Jan-1997,218.0,127.68731,,-5.80592,,218.0,,,,,
Feb-1997,218.0,127.68731,,-5.80592,,218.0,,,,,
Mar-1997,218.0,127.68731,,-5.35077,,218.0,,,,,
Apr-1997,225.0,130.82961,,-1.96583,,225.0,,,,,
May-1997,225.0,130.82961,,-1.96583,,225.0,,,,,
Jun-1997,230.0,133.45307,,0.0,,230.0,,,,,
Jul-1997,230.0,133.45307,,0.0,,230.0,,,,,
Aug-1997,230.0,133.45307,,0.0,,230.0,,,,,
Sep-1997,230.0,133.9719,,0.38878,,230.0,,,,,
Oct-1997,230.0,133.9719,,0.38878,,230.0,,,,,
Nov-1997,230.0,130.34004,,-2.33268,,230.0,,,,,
Dec-1997,230.0,130.34004,,-2.33268,,230.0,,,,,
Jan-1998,220.0,124.57429,,-2.43801,,220.0,,,,,
Feb-1998,210.0,125.87803,,-1.41696,,210.0,,,,,
Mar-1998,210.0,125.87803,,-1.41696,,210.0,,,,,
Apr-1998,210.0,125.87803,,-3.78475,,210.0,,,,,
May-1998,210.0,125.87803,,-3.78475,,210.0,,,,,
Jun-1998,210.0,125.87803,,-5.67618,,210.0,,,,,
Jul-1998,200.0,125.87803,,-5.67618,,200.0,,,,,
Aug-1998,190.0,126.88644,,-4.92055,,190.0,,,,,
Sep-1998,190.0,114.9851,,-14.17223,,190.0,,,,,
Oct-1998,190.0,114.9851,,-14.17223,,190.0,,,,,
Nov-1998,190.0,110.77586,,-15.01011,,190.0,,,,,
Dec-1998,190.0,110.77586,,-15.01011,,190.0,,,,,
Jan-1999,180.0,110.19051,,-11.54635,,180.0,,,,,
Feb-1999,178.0,110.19051,,-12.46248,,178.0,,,,,
Mar-1999,178.0,110.19051,,-12.46248,,178.0,,,,,
Apr-1999,170.0,108.28544,,-13.9759,,170.0,,,,,
May-1999,165.0,108.28544,,-13.9759,,165.0,,,,,
Jun-1999,165.0,108.28544,,-13.9759,,165.0,,,,,
Jul-1999,165.0,108.28544,,-13.9759,,165.0,,,,,
Aug-1999,165.0,108.28544,,-14.65957,,165.0,,,,,
Sep-1999,165.0,108.28544,,-5.82655,,165.0,,,,,
Oct-1999,165.0,108.28544,,-5.82655,,165.0,,,,,
Nov-1999,165.0,108.28544,,-2.24816,,165.0,,,,,
Dec-1999,165.0,108.28544,,-2.24816,,165.0,,,,,
Jan-2000,165.0,108.28544,,-1.72888,,165.0,,,,,
Feb-2000,170.0,108.80428,,-1.25803,,170.0,,,,,
Mar-2000,170.0,108.80428,,-1.25803,,170.0,,,,,
Apr-2000,170.0,109.53065,,1.14993,,170.0,,,,,
May-2000,170.0,109.53065,,1.14993,,170.0,,,,,
Jun-2000,170.0,109.53065,,1.14993,,170.0,,,,,
Jul-2000,172.5,113.32482,,4.65379,,172.5,,,,,
Aug-2000,172.5,113.32482,,4.65379,,172.5,,,,,
Sep-2000,175.0,115.2219,,6.40572,,175.0,,,,,
Oct-2000,175.0,115.2219,,6.40572,,175.0,,,,,
Nov-2000,172.5,115.2219,,6.40572,,172.5,,,,,
Dec-2000,172.5,115.2219,,6.40572,,172.5,,,,,
Jan-2001,172.5,115.2219,,6.40572,,172.5,,,,,
Feb-2001,172.5,115.2219,,5.89832,,172.5,,,,,
Mar-2001,172.5,120.26128,,10.52992,,172.5,,,,,
Apr-2001,172.5,120.26128,,9.79692,,172.5,,,,,
May-2001,172.5,120.26128,,9.79692,,172.5,,,,,
Jun-2001,172.0,120.26128,,9.79692,,172.0,,,,,
Jul-2001,172.0,120.26128,,6.12087,,172.0,,,,,
Aug-2001,170.0,117.84536,,3.98901,,170.0,,,,,
Sep-2001,170.0,117.84536,,2.27687,,170.0,,,,,
Oct-2001,170.0,117.84536,,2.27687,,170.0,,,,,
Nov-2001,170.0,117.84536,,2.27687,,170.0,,,,,
Dec-2001,165.0,113.11728,,-1.82658,,165.0,,,,,
Jan-2002,165.0,113.11728,,-1.82658,,165.0,,,,,
Feb-2002,160.0,111.66454,,-3.0874,,160.0,,,,,
Mar-2002,160.0,109.48542,,-8.96038,,160.0,,,,,
Apr-2002,158.0,106.41762,,-11.51132,,158.0,,,,,
May-2002,158.0,105.69125,,-12.11531,,158.0,,,,,
Jun-2002,157.0,105.69125,,-12.11531,,157.0,,,,,
Jul-2002,155.0,105.69125,,-12.11531,,155.0,,,,,
Aug-2002,153.0,105.69125,,-10.31361,,153.0,,,,,
Sep-2002,153.0,105.69125,,-10.31361,,153.0,,,,,
Oct-2002,152.0,105.69125,,-10.31361,,152.0,,,,,
Nov-2002,152.0,105.69125,,-10.31361,,152.0,,,,,
Dec-2002,150.0,106.38037,,-5.95569,,150.0,,,,,
Jan-2003,150.0,107.32892,,-5.11714,,150.0,,,,,
Feb-2003,150.0,107.32892,,-3.88272,,150.0,,,,,
Mar-2003,151.0,109.48542,,0.0,,151.0,,,,,
Apr-2003,151.0,109.48542,,2.88279,,151.0,,,,,
May-2003,150.0,109.48542,,3.58986,,150.0,,,,,
Jun-2003,150.0,109.48542,,3.58986,,150.0,,,,,
Jul-2003,150.0,109.48542,,3.58986,,150.0,,,,,
Aug-2003,150.0,109.48542,,3.58986,,150.0,,,,,
Sep-2003,150.0,109.48542,,3.58986,,150.0,,,,,
Oct-2003,150.0,111.3825,,5.38479,,150.0,,,,,
Nov-2003,155.0,115.90304,,9.66191,,155.0,,,,,
Dec-2003,155.0,117.28129,,10.24711,,155.0,,,,,
Jan-2004,155.0,120.42358,,12.2005,,155.0,,,,,
Feb-2004,160.0,123.04704,,14.64482,,160.0,,,,,
Mar-2004,165.0,129.60568,,18.37712,,165.0,,,,,
Apr-2004,169.0,134.59318,,22.93251,,169.0,,,,,
May-2004,170.0,134.59318,,22.93251,,170.0,,,,,
Jun-2004,170.0,135.90491,,24.1306,,170.0,,,,,
Jul-2004,175.0,142.44891,,30.10766,,175.0,,,,,
Aug-2004,175.0,142.44891,,30.10766,,175.0,,,,,
Sep-2004,177.0,143.61963,,31.17694,,177.0,,,,,
Oct-2004,182.0,150.55609,,35.17032,,182.0,,,,,
Nov-2004,182.0,150.55609,,29.8983,,182.0,,,,,
Dec-2004,185.0,153.9578,,31.27226,,185.0,,,,,
Jan-2005,200.0,159.91645,,32.79496,,200.0,,,,,
Feb-2005,200.0,161.95456,,31.62003,,200.0,,,,,
Mar-2005,202.0,170.53666,,31.58116,,202.0,,,,,
Apr-2005,202.0,172.50825,,28.17013,,202.0,,,,,
May-2005,207.5,173.96099,,29.24949,,207.5,,,,,
Jun-2005,205.0,170.8187,,25.68987,,205.0,,,,,
Jul-2005,205.0,169.36595,,18.89592,,205.0,,,,,
Aug-2005,205.0,168.63958,,18.38601,,205.0,,,,,
Sep-2005,205.0,165.61569,,15.3155,,205.0,,,,,
Oct-2005,205.0,165.61569,,10.00265,,205.0,,,,,
Nov-2005,205.0,167.72031,,11.40055,,205.0,,,,,
Dec-2005,205.0,167.72031,,8.93914,,205.0,,,,,
Jan-2006,210.0,167.72031,,4.87996,,210.0,,,,,
Feb-2006,215.0,167.72031,,3.5601,,215.0,,,,,
Mar-2006,217.0,167.97973,,-1.49935,,217.0,,,,,
Apr-2006,217.0,167.97973,,-2.62511,,217.0,,,,,
May-2006,217.0,167.97973,,-3.43828,,217.0,,,,,
Jun-2006,217.0,169.55087,,-0.74221,,217.0,,,,,
Jul-2006,220.0,169.81029,,0.26235,,220.0,,,,,
Aug-2006,220.0,171.44796,,1.66531,,220.0,,,,,
Sep-2006,220.0,172.68519,,4.26862,,220.0,,,,,
Oct-2006,220.0,173.59648,,4.81886,,220.0,,,,,
Nov-2006,220.0,173.59648,,3.50355,,220.0,,,,,
Dec-2006,220.0,171.03954,222.0,1.97903,,220.0,,,,,
Jan-2007,220.0,170.05375,223.0,1.39127,,220.0,,,,,
Feb-2007,220.0,169.06795,223.0,0.80351,,220.0,,,,,
Mar-2007,220.0,169.06795,223.0,0.64783,,220.0,,,,,
Apr-2007,220.0,171.24707,225.0,1.94509,,220.0,,,,,
May-2007,225.0,171.24707,228.0,1.94509,,225.0,,,,,
Jun-2007,225.0,171.24707,229.5,1.00041,,225.0,,,,,
Jul-2007,225.0,171.24707,230.0,0.84611,,225.0,,,,,
Aug-2007,230.0,171.97345,232.0,0.3065,,230.0,,,,,
Sep-2007,230.0,177.07934,234.0,2.54461,,230.0,,,,,
Oct-2007,230.0,177.99063,236.0,2.53125,,230.0,,,,,
Nov-2007,225.0,177.99063,236.5,2.53125,,225.0,,,,,
Dec-2007,220.0,181.38304,237.0,6.04743,,220.0,,,,,
Jan-2008,220.0,181.38304,238.0,6.66218,,220.0,,,,,
Feb-2008,220.0,181.38304,240.0,7.2841,,220.0,,,,,
Mar-2008,220.0,181.38304,244.5,7.2841,,220.0,,,,,
Apr-2008,220.0,181.38304,246.5,5.91891,,220.0,,,,,
May-2008,220.0,182.36883,248.0,6.49457,,220.0,,,,,
Jun-2008,220.0,182.62825,250.0,6.64605,,220.0,,,,,
Jul-2008,220.0,184.08099,250.0,7.49439,,220.0,,,,,
Aug-2008,220.0,187.48271,250.0,9.0184,,220.0,,,,,
Sep-2008,220.0,187.48271,250.0,5.87497,,220.0,,,,,
Oct-2008,220.0,184.59983,250.0,3.71323,,220.0,,,,,
Nov-2008,215.0,180.80566,245.0,1.58156,,215.0,,,,,
Dec-2008,215.0,178.18221,245.0,-1.76468,,215.0,,,,,
Jan-2009,215.0,170.59387,245.0,-5.94828,,215.0,,,,,
Feb-2009,208.0,166.28086,235.0,-8.32612,,208.0,,,,,
Mar-2009,208.0,166.28086,235.0,-8.32612,,208.0,,,,,
Apr-2009,207.0,162.4867,233.0,-10.41792,,207.0,,,,,
May-2009,207.0,162.4867,233.0,-10.90215,,207.0,,,,,
Jun-2009,206.0,160.14527,232.0,-12.31079,,206.0,,,,,
Jul-2009,206.0,160.14527,232.0,-13.00282,,206.0,,,,,
Aug-2009,204.5,155.83227,230.0,-16.88179,,204.5,,,,,
Sep-2009,190.0,153.41635,215.0,-18.1704,,190.0,,,,,
Oct-2009,187.0,152.57157,212.0,-17.3501,,187.0,,,,,
Nov-2009,186.5,151.49332,211.5,-16.21207,,186.5,,,,,
Dec-2009,186.5,147.53219,211.5,-17.2015,,186.5,,,,,
Jan-2010,186.5,144.3899,211.5,-15.36044,,186.5,,,,,
Feb-2010,186.5,143.80454,211.5,-13.51708,,186.5,,,,,
Mar-2010,186.5,143.80454,211.5,-13.51708,,186.5,,,,,
Apr-2010,187.5,144.75309,208.0,-10.91388,,187.5,,,,,
May-2010,185.0,145.43489,200.0,-10.49428,,185.0,,,,,
Jun-2010,185.0,144.68324,200.0,-9.655,,185.0,,,,,
Jul-2010,185.5,145.53933,200.5,-9.12044,,185.5,,,,,
Aug-2010,187.0,144.05731,202.0,-7.55617,,187.0,,,,,
Sep-2010,187.0,144.31673,202.0,-5.93132,,187.0,,,,,
Oct-2010,187.0,144.05731,202.0,-5.5805,,187.0,,,,,
Nov-2010,187.0,144.18702,202.0,-4.82285,,187.0,,,,,
Dec-2010,187.0,144.18702,202.0,-2.26742,,187.0,,,,,
Jan-2011,187.0,144.05731,203.0,-0.23034,,187.0,,,,,
Feb-2011,186.0,144.05731,202.0,0.17577,,186.0,,,,,
Mar-2011,186.0,144.05731,201.0,0.17577,,186.0,,,,,
Apr-2011,186.0,144.05731,200.0,-0.48066,,186.0,,,,,
May-2011,186.0,146.23643,200.0,0.55113,,186.0,,,,,
Jun-2011,186.0,146.49585,200.0,1.25281,,186.0,,,,,
Jul-2011,186.0,146.49585,202.0,0.65723,,186.0,,,,,
Aug-2011,186.0,146.49585,202.0,1.69276,,186.0,,,,,
Sep-2011,186.0,146.49585,202.0,1.50996,,186.0,,,,,
Oct-2011,186.0,146.49585,202.0,1.69276,,186.0,,,,,
Nov-2011,186.0,146.49585,202.0,1.60127,,186.0,,,,,
Dec-2011,186.0,146.49585,202.0,1.60127,,186.0,,,,,
Jan-2012,186.0,145.25064,202.0,0.82837,,186.0,,,,,
Feb-2012,186.0,144.66528,202.0,0.42203,,186.0,,,,,
Mar-2012,186.0,144.66528,202.0,0.42203,,186.0,,,,,
Apr-2012,186.0,142.48616,202.0,-1.09064,,186.0,,,,,
May-2012,186.0,142.48616,202.0,-2.56452,,186.0,,,,,
Jun-2012,186.0,142.48616,201.5,-2.73706,,186.0,,,,,
Jul-2012,185.0,140.18864,201.0,-4.30538,,185.0,,,,,
Aug-2012,185.0,139.46227,201.0,-4.80121,,185.0,,,,,
Sep-2012,185.0,138.00953,201.0,-5.79288,,185.0,,,,,
Oct-2012,185.0,138.00953,200.0,-5.79288,,185.0,,,,,
Nov-2012,185.0,136.29736,200.0,-6.96162,,185.0,,,,,
Dec-2012,185.0,136.29736,199.5,-6.96162,,185.0,,,,,
Jan-2013,185.0,136.29736,199.5,-6.16402,,185.0,,,,,
Feb-2013,185.0,136.29736,199.5,-5.78433,,185.0,,,,,
Mar-2013,185.0,136.29736,198.5,-5.78433,,185.0,,,,,
Apr-2013,185.0,136.29736,198.0,-4.34344,,185.0,,,,,
May-2013,185.0,136.29736,198.0,-4.34344,,185.0,,,,,
Jun-2013,185.0,136.29736,198.0,-4.34344,,185.0,,,,,
Jul-2013,185.0,137.53858,198.0,-1.89036,,185.0,,,,,
Aug-2013,185.0,137.66829,198.0,-1.28636,,185.0,,,,,
Sep-2013,185.0,139.18024,198.0,0.84828,,185.0,,,,,
Oct-2013,185.0,139.90661,198.0,1.3746,,185.0,,,,,
Nov-2013,185.0,141.47776,198.0,3.8008,,185.0,,,,,
Dec-2013,185.0,143.16731,198.0,5.04041,,185.0,,,,,
Jan-2014,185.0,144.2715,198.0,5.85055,,198.0,,,,,
Feb-2014,185.0,144.79034,199.0,6.23121,,199.0,,,,,
Mar-2014,185.0,146.68742,199.0,7.62308,,199.0,,,,,
Apr-2014,186.0,147.79161,200.0,8.43322,,200.0,,,,,
May-2014,186.0,149.10334,200.0,9.39562,,200.0,,,,,
Jun-2014,186.0,149.6295,200.0,9.78165,,200.0,,,,,
Jul-2014,186.0,148.97363,200.0,8.31407,,200.0,,,,,
Aug-2014,186.0,148.5845,200.0,7.92936,,200.0,,,,,
Sep-2014,186.0,151.74143,200.0,9.02513,,200.0,173.0,120.0,,,
Oct-2014,186.0,151.74143,200.0,8.45909,205.0,200.0,173.0,120.0,,,
Nov-2014,186.0,152.46781,200.0,7.76804,205.0,200.0,173.0,120.0,,,
Dec-2014,186.0,152.46781,200.0,6.49625,205.0,200.0,173.0,120.0,,,
Jan-2015,186.0,151.88245,200.0,5.27544,205.0,200.0,173.0,120.0,,,
Feb-2015,186.0,151.62303,200.0,4.71903,205.0,200.0,173.0,120.0,,,
Mar-2015,186.0,151.36361,200.0,3.18786,207.5,200.0,173.0,120.0,,,
Apr-2015,,151.10419,200.0,2.24139,207.5,200.0,173.0,120.0,,,
May-2015,,151.10419,200.0,1.34192,207.5,200.0,173.0,120.0,,,
Jun-2015,,150.37782,200.0,0.50012,207.5,200.0,173.0,120.0,,,
Jul-2015,,150.37782,200.0,0.94258,207.5,200.0,173.0,120.0,,,
Aug-2015,,150.37782,200.0,1.20693,207.5,200.0,173.0,120.0,,,
Sep-2015,,150.37782,200.0,-0.89864,207.5,200.0,173.0,115.0,,,
Oct-2015,,148.92507,200.0,-1.85602,207.0,200.0,173.0,115.0,,,
Nov-2015,,148.1987,200.0,-2.8,206.0,200.0,173.0,115.0,,,
Dec-2015,,148.1987,199.0,-2.8,204.0,199.0,170.0,112.0,,,
Jan-2016,,148.32835,199.0,-2.34003,203.0,199.0,170.0,112.0,,,
Feb-2016,,148.32835,199.0,-2.17294,203.0,199.0,170.0,112.0,,,
Mar-2016,,147.39137,198.0,-2.62431,202.0,198.0,168.0,110.0,,,
Apr-2016,,146.89312,197.0,-2.78687,200.5,197.0,168.0,110.0,,,
May-2016,,145.51512,197.0,-3.69882,200.5,197.0,168.0,110.0,,,
Jun-2016,,142.21911,195.0,-5.42548,199.0,195.0,165.0,107.0,,,
Jul-2016,,142.21911,195.0,-5.42548,199.0,199.0,165.0,107.0,,,
Aug-2016,,142.11075,194.5,-5.49753,198.5,198.5,165.0,107.0,,,
Sep-2016,,141.65603,194.0,-5.79992,198.0,198.0,164.0,106.0,,,
Oct-2016,,141.65603,194.0,-4.881,198.0,198.0,164.0,106.0,,,
Nov-2016,,141.65603,193.0,-4.41479,198.0,198.0,164.0,106.0,,,
Dec-2016,,140.87846,192.0,-4.93948,197.0,197.0,163.0,104.0,,,
Jan-2017,,139.74606,188.5,-5.78601,193.5,193.5,163.0,104.0,,,
Feb-2017,,139.29134,188.0,-6.09257,193.0,193.0,163.0,104.0,,,
Mar-2017,,138.51156,186.0,-6.02465,191.0,191.0,158.0,103.0,,,
Apr-2017,,137.86142,183.0,-6.14848,188.0,188.0,158.0,103.0,,,
May-2017,,137.83166,182.0,-5.28018,187.0,187.0,158.0,103.0,,,
Jun-2017,,137.18153,179.0,-3.54212,184.0,184.0,154.0,98.0,,,
Jul-2017,,136.77786,,-3.82596,183.0,183.0,154.0,98.0,,,
Aug-2017,,136.56115,,-3.90512,182.0,182.0,154.0,98.0,,,
Sep-2017,,136.56115,,-3.59666,182.0,182.0,154.0,98.0,,,
Oct-2017,,136.56115,,-3.59666,182.0,182.0,154.0,98.0,,,
Nov-2017,,136.56115,,-3.59666,182.0,182.0,154.0,98.0,,,
Dec-2017,,136.21479,,-3.31042,182.0,182.0,154.0,90.0,,,
Jan-2018,,135.99808,,-2.68199,181.0,181.0,154.0,90.0,,,
Feb-2018,,135.78137,,-2.51988,180.0,180.0,154.0,90.0,,,
Mar-2018,,135.78137,,-1.97109,180.0,180.0,154.0,87.0,,,
Apr-2018,,135.78137,,-1.5088,180.0,180.0,154.0,87.0,,,
May-2018,,135.78137,,-1.48754,180.0,180.0,154.0,87.0,,,
Jun-2018,,136.77168,,-0.29876,180.0,180.0,158.0,82.0,,,
Jul-2018,,137.41564,,0.46629,180.0,180.0,158.0,82.0,,,
Aug-2018,,137.84906,,0.9431,182.0,182.0,158.0,82.0,,,
Sep-2018,,137.84906,,0.9431,182.0,182.0,158.0,82.0,,,
Oct-2018,,137.84906,,0.9431,182.0,182.0,158.0,82.0,,,
Nov-2018,,137.84906,,0.9431,182.0,182.0,158.0,82.0,,,
Dec-2018,,137.84906,,1.19978,182.0,182.0,158.0,82.0,,,
Jan-2019,,138.28249,,1.67974,184.0,184.0,158.0,82.0,,,
Feb-2019,,138.4992,,2.00162,185.0,185.0,158.0,82.0,,,
Mar-2019,,138.4992,,2.00162,185.0,185.0,160.0,82.0,,,
Apr-2019,,138.4992,,2.00162,185.0,185.0,160.0,82.0,,,
May-2019,,138.60755,,2.08143,185.5,185.5,160.0,82.0,,,
Jun-2019,,138.60755,,1.34229,185.5,185.5,160.0,82.0,,,
Jul-2019,,138.60755,,0.86738,185.5,185.5,160.0,82.0,,,
Aug-2019,,138.60755,,0.55023,185.5,185.5,160.0,82.0,,,
Sep-2019,,138.60755,,0.55023,185.5,185.5,160.0,82.0,,,
Oct-2019,,138.71591,,0.62884,186.0,186.0,160.0,82.0,,,
Nov-2019,,138.71591,,0.62884,186.0,186.0,160.0,82.0,,,
Dec-2019,,138.71591,,0.62884,186.0,186.0,158.0,82.0,,,
Jan-2020,,138.71591,,0.31343,186.0,186.0,158.0,82.0,,,
Feb-2020,,138.71591,,0.15647,186.0,186.0,158.0,82.0,,,
Mar-2020,,138.71591,,0.15647,186.0,186.0,156.0,82.0,,,
Apr-2020,,137.91255,,-0.42358,186.0,186.0,156.0,82.0,,,
May-2020,,137.91255,,-0.50142,186.0,186.0,154.0,82.0,,,
Jun-2020,,137.56619,,-0.7513,186.0,186.0,154.0,82.0,,,
Jul-2020,,136.76283,,-1.3309,186.0,186.0,154.0,82.0,,,
Aug-2020,,135.95947,,-1.91049,186.0,186.0,154.0,82.0,,,
Sep-2020,,135.95947,,-1.91049,186.0,186.0,145.0,82.0,,,
Oct-2020,,133.89575,,-3.47484,186.0,186.0,145.0,82.0,,,
Nov-2020,,133.89575,,-3.47484,186.0,186.0,145.0,82.0,,,
Dec-2020,,133.89575,,-3.47484,186.0,186.0,145.0,82.0,,,
Jan-2021,,134.99442,,-2.68281,186.5,186.5,145.0,82.0,48.0,115.0,165.0
Feb-2021,,136.01449,,-1.94745,187.5,187.5,145.0,82.0,48.0,115.0,165.0
Mar-2021,,136.12285,,-1.86933,188.0,188.0,145.0,82.0,48.0,115.0,165.0
Apr-2021,,139.09379,,0.85652,188.0,188.0,145.0,82.0,48.0,115.0,165.0
May-2021,,140.30082,,1.73173,189.0,189.0,145.0,82.0,48.0,115.0,170.0
Jun-2021,,143.48848,,4.30505,190.0,190.0,145.0,82.0,48.0,115.0,170.0
Jul-2021,,149.86998,,9.58385,195.0,195.0,145.0,82.0,48.0,115.0,170.0
Aug-2021,,151.51043,,11.43794,198.0,198.0,145.0,82.0,48.0,115.0,170.0
Sep-2021,,155.26513,,14.19957,202.0,202.0,145.0,82.0,48.0,115.0,170.0
Oct-2021,,155.6688,,16.2612,203.0,203.0,145.0,82.0,48.0,115.0,170.0
Nov-2021,,157.09254,,17.32452,205.0,205.0,145.0,82.0,48.0,115.0,170.0
Dec-2021,,158.1761,,18.13377,210.0,210.0,145.0,82.0,48.0,115.0,175.0
Jan-2022,,159.04295,,17.81446,214.0,214.0,145.0,82.0,49.0,115.0,175.0
Feb-2022,,159.90979,,17.5682,218.0,218.0,150.0,82.0,49.0,120.0,175.0
Mar-2022,,161.55161,,18.68074,220.0,220.0,161.0,82.0,49.0,126.0,180.0
Apr-2022,,165.06245,,18.66989,224.0,224.0,165.0,82.0,49.0,127.5,185.0
May-2022,,165.73587,,18.12893,227.0,227.0,165.0,82.0,49.0,127.5,185.0
Jun-2022,,169.58753,,18.18895,231.0,231.0,165.0,82.0,49.0,127.5,185.0
Jul-2022,,170.70989,,13.90533,236.0,236.0,180.0,90.0,55.0,135.0,195.0
Aug-2022,,171.60777,,13.26466,240.0,240.0,180.0,90.0,55.0,135.0,200.0
Sep-2022,,172.84647,,11.32343,244.0,244.0,180.0,90.0,55.0,135.0,200.0
Oct-2022,,173.74436,,11.61155,248.0,248.0,182.5,90.0,55.0,135.0,205.0
Nov-2022,,173.91477,,10.70848,248.0,248.0,200.0,90.0,55.0,135.0,235.0
Dec-2022,,175.06977,,10.6803,248.0,248.0,200.0,90.0,53.0,140.0,235.0
Jan-2023,,176.22478,,10.80327,248.0,248.0,,,53.0,140.0,235.0
Feb-2023,,178.33996,,11.52535,250.0,250.0,,,60.0,155.0,245.0
Mar-2023,,180.57549,,11.77573,254.0,254.0,,,65.0,165.0,250.0
Apr-2023,,183.13469,,10.94872,256.0,256.0,,,65.0,165.0,250.0
May-2023,,186.42124,,12.48093,259.0,259.0,,,65.0,165.0,250.0
Jun-2023,,187.31709,,10.45451,260.0,260.0,,,65.0,165.0,250.0
Jul-2023,,189.52332,,11.0207,261.0,261.0,,,65.0,165.0,250.0
Aug-2023,,191.55293,,11.62253,265.0,265.0,,,65.0,165.0,250.0
Sep-2023,,194.64171,,12.60959,265.0,265.0,,,65.0,165.0,245.0
Oct-2023,,195.4841,,12.51249,265.0,265.0,,,65.0,165.0,245.0
Nov-2023,,195.65258,,12.49912,265.0,265.0,,,65.0,165.0,245.0
Dec-2023,,198.06644,,13.13571,265.0,265.0,,,65.0,165.0,243.0
Jan-2024,,199.90308,,13.43642,265.0,265.0,,,65.0,165.0,243.0
Feb-2024,,200.07349,,12.18658,265.0,265.0,,,65.0,165.0,243.0
Mar-2024,,201.76004,,11.73169,264.5,264.5,,,65.0,165.0,240.0
Apr-2024,,202.6324,,10.64665,264.0,264.0,,,65.0,165.0,240.0
May-2024,,204.772,,9.8437,264.0,264.0,,,65.0,160.0,230.0
Jun-2024,,204.94241,,9.40935,264.0,264.0,,,65.0,160.0,230.0
Jul-2024,,205.11693,,8.22781,262.5,262.5,,,65.0,160.0,230.0
Aug-2024,,206.50053,,7.80338,262.0,262.0,,,65.0,160.0,230.0
Sep-2024,,207.71371,,6.71593,261.5,261.5,,,60.0,160.0,230.0
Oct-2024,,207.60147,,6.19865,261.0,261.0,,,58.0,155.0,225.0
Nov-2024,,207.20659,,5.90537,260.0,260.0,,,50.0,150.0,220.0
Dec-2024,,207.03618,,4.52865,260.0,260.0,,,50.0,150.0,215.0
Jan-2025,,205.85154,,2.97567,257.0,257.0,,,45.0,140.0,215.0
Feb-2025,,204.16911,,2.04705,256.0,256.0,,,45.0,140.0,215.0
Mar-2025,,203.30086,,0.76369,255.0,255.0,,,40.0,140.0,210.0
Apr-2025,,202.48668,,-0.07191,255.0,255.0,,,40.0,140.0,210.0
May-2025,,201.97545,,-1.36569,255.0,255.0,,,40.0,140.0,210.0
Jun-2025,,201.97545,,-1.44771,255.0,255.0,,,38.0,140.0,210.0
Jul-2025,,201.07756,,-1.9693,251.0,251.0,,,36.0,135.0,210.0
Aug-2025,,200.68268,,-2.81735,250.0,250.0,,,36.0,135.0,210.0
Sep-2025,,199.52768,,-3.94102,250.0,250.0,,,36.0,130.0,210.0
Oct-2025,,198.5675,,-4.35159,248.0,248.0,,,35.0,130.0,200.0
Nov-2025,,198.05627,,-4.41604,248.0,248.0,,,35.0,130.0,200.0
Dec-2025,,198.05627,,-4.33736,248.0,248.0,,,35.0,130.0,200.0
Jan-2026,,200.40415,,-2.64627,248.0,248.0,,,35.0,130.0,200.0
Feb-2026,,198.33892,,-2.85557,248.5,248.5,,,35.0,130.0,200.0
Mar-2026,,198.33892,,-2.44069,248.5,248.5,,,35.0,130.0,200.0
