period,tc_tanker_handy_37k_3yr_usdday,tc_tanker_mr_48k_3yr_usdday,tc_bulk_handymax_45k_1yr_usdday,tc_bulk_handymax_45k_3yr_usdday,tc_tanker_suezmax_150k_1yr_usdday,tc_tanker_handy_37k_1yr_usdday,tc_tanker_mr_48k_1yr_usdday,tc_bulk_supramax_52k_1yr_usdday,tc_tanker_lr1_74k_1yr_usdday,tc_tanker_suezmax_150k_3yr_usdday,tc_bulk_supramax_52k_3yr_usdday,tc_tanker_lr1_74k_3yr_usdday,tc_tanker_mr_48k_5yr_usdday,tc_tanker_handy_37k_5yr_usdday,tc_tanker_lr2_115k_1yr_usdday,tc_tanker_lr2_115k_3yr_usdday,tc_bulk_supramax_58k_3yr_pac_usdday,tc_bulk_supramax_58k_5yr_pac_usdday,tc_bulk_capesize_hist_1yr_usdday,tc_bulk_supramax_hist_1yr_usdday,tc_bulk_panamax_hist_1yr_usdday,tc_tanker_suezmax_hist_1yr_usdday,tc_tanker_mr_hist_1yr_usdday,tc_tanker_mr_50k_eco_1yr_usdday,tc_tanker_mr_50k_eco_3yr_usdday,tc_tanker_mr_50k_eco_5yr_usdday,tc_bulk_ultramax_61k_3yr_pac_usdday,tc_bulk_ultramax_61k_5yr_pac_usdday,tc_tanker_suezmax_150k_eco_1yr_usdday,tc_tanker_lr2_115k_eco_1yr_usdday,tc_tanker_lr1_74k_eco_1yr_usdday,tc_tanker_suezmax_150k_eco_3yr_usdday,tc_tanker_lr2_115k_eco_3yr_usdday,tc_tanker_lr1_74k_eco_3yr_usdday,tc_tanker_lr2_115k_eco_scrubber_1yr_usdday,tc_tanker_lr2_115k_scrubber_1yr_usdday,tc_tanker_suezmax_150k_eco_scrubber_3yr_usdday,tc_tanker_suezmax_150k_scrubber_3yr_usdday,tc_tanker_lr2_115k_eco_scrubber_3yr_usdday,tc_tanker_lr2_115k_scrubber_3yr_usdday,tc_tanker_lr1_74k_eco_scrubber_3yr_usdday,tc_tanker_lr1_74k_scrubber_3yr_usdday,tc_tanker_mr_50k_eco_scrubber_3yr_usdday,tc_tanker_mr_48k_scrubber_3yr_usdday,tc_tanker_mr_50k_eco_scrubber_5yr_usdday,tc_tanker_suezmax_150k_eco_scrubber_1yr_usdday,tc_tanker_suezmax_150k_scrubber_1yr_usdday,tc_bulk_ultramax_61k_6m_pac_usdday,tc_bulk_ultramax_61k_6m_atl_usdday,tc_bulk_supramax_58k_6m_pac_usdday,tc_bulk_supramax_58k_6m_atl_usdday,tc_bulk_ultramax_61k_1yr_pac_usdday,tc_bulk_ultramax_61k_1yr_atl_usdday,tc_bulk_supramax_58k_1yr_pac_usdday,tc_bulk_supramax_58k_1yr_atl_usdday,tc_tanker_lr1_74k_scrubber_1yr_usdday,tc_tanker_mr_48k_scrubber_1yr_usdday,tc_tanker_lr1_74k_eco_scrubber_1yr_usdday,tc_tanker_mr_50k_eco_scrubber_1yr_usdday,tc_tanker_suezmax_150k_2yr_usdday,tc_tanker_lr2_115k_2yr_usdday,tc_tanker_lr1_74k_2yr_usdday,tc_tanker_mr_48k_2yr_usdday,tc_tanker_handy_37k_2yr_usdday,tc_tanker_suezmax_150k_eco_2yr_usdday,tc_tanker_lr2_115k_eco_2yr_usdday,tc_tanker_lr1_74k_eco_2yr_usdday,tc_tanker_mr_50k_eco_2yr_usdday,tc_tanker_handy_37k_eco_2yr_usdday,tc_tanker_suezmax_150k_scrubber_2yr_usdday,tc_tanker_lr2_115k_scrubber_2yr_usdday,tc_tanker_lr1_74k_scrubber_2yr_usdday,tc_tanker_mr_48k_scrubber_2yr_usdday,tc_tanker_suezmax_150k_eco_scrubber_2yr_usdday,tc_tanker_lr2_115k_eco_scrubber_2yr_usdday,tc_tanker_lr1_74k_eco_scrubber_2yr_usdday,tc_tanker_mr_50k_eco_scrubber_2yr_usdday,tc_bulk_capesize_170k_1yr_atl_usdday,tc_bulk_capesize_170k_1yr_pac_usdday,tc_bulk_capesize_180k_1yr_atl_usdday,tc_bulk_capesize_180k_1yr_pac_usdday,tc_bulk_capesize_182k_1yr_atl_usdday,tc_bulk_capesize_182k_1yr_pac_usdday,tc_bulk_capesize_180k_scrubber_1yr_atl_usdday,tc_bulk_capesize_180k_scrubber_1yr_pac_usdday,tc_bulk_panamax_76k_1yr_atl_usdday,tc_bulk_panamax_76k_1yr_pac_usdday,tc_bulk_kamsarmax_82k_1yr_atl_usdday,tc_bulk_kamsarmax_82k_1yr_pac_usdday,tc_bulk_capesize_170k_3yr_atl_usdday,tc_bulk_capesize_170k_3yr_pac_usdday,tc_bulk_capesize_180k_3yr_atl_usdday,tc_bulk_capesize_180k_3yr_pac_usdday,tc_bulk_capesize_182k_3yr_atl_usdday,tc_bulk_capesize_182k_3yr_pac_usdday,tc_bulk_panamax_76k_3yr_atl_usdday,tc_bulk_panamax_76k_3yr_pac_usdday,tc_bulk_kamsarmax_82k_3yr_atl_usdday,tc_bulk_kamsarmax_82k_3yr_pac_usdday
Q1-1988,,,,,,,,,,,,,,,,,,,,,,,9058.33333,,,,,,,,,,,,,,,,,,,,,,,,,,,,,,,,,,,,,,,,,,,,,,,,,,,,,,,,,,,,,,,,,,,,,,,,,,,,
Q2-1988,,,,,,,,,,,,,,,,,,,,,,,8930.76923,,,,,,,,,,,,,,,,,,,,,,,,,,,,,,,,,,,,,,,,,,,,,,,,,,,,,,,,,,,,,,,,,,,,,,,,,,,,
Q3-1988,,,,,,,,,,,,,,,,,,,,,,,9000.0,,,,,,,,,,,,,,,,,,,,,,,,,,,,,,,,,,,,,,,,,,,,,,,,,,,,,,,,,,,,,,,,,,,,,,,,,,,,
Q4-1988,,,,,,,,,,,,,,,,,,,,,,,9076.92308,,,,,,,,,,,,,,,,,,,,,,,,,,,,,,,,,,,,,,,,,,,,,,,,,,,,,,,,,,,,,,,,,,,,,,,,,,,,
Q1-1989,,,10496.15385,9896.15385,,,,,,,,,,,,,,,,10496.15385,13557.69231,,9961.53846,,,,,,,,,,,,,,,,,,,,,,,,,,,,,,,,,,,,,,,,,,,,,,,,,,,,,,,,,,,,,,,,,,,,,,,,,,,,
Q2-1989,,,10557.69231,9734.61538,,,,,,,,,,,,,,,,10557.69231,13173.07692,14944.44444,11000.0,,,,,,,,,,,,,,,,,,,,,,,,,,,,,,,,,,,,,,,,,,,,,,,,,,,,,,,,,,,,,,,,,,,,,,,,,,,,
Q3-1989,,,10157.69231,9530.76923,,,,,,,,,,,,,,,,10157.69231,12826.92308,15634.61538,10730.76923,,,,,,,,,,,,,,,,,,,,,,,,,,,,,,,,,,,,,,,,,,,,,,,,,,,,,,,,,,,,,,,,,,,,,,,,,,,,
Q4-1989,,,10192.30769,9553.84615,,,,,,,,,,,,,,,,10192.30769,12903.84615,15788.46154,10500.0,,,,,,,,,,,,,,,,,,,,,,,,,,,,,,,,,,,,,,,,,,,,,,,,,,,,,,,,,,,,,,,,,,,,,,,,,,,,
Q1-1990,,,9984.61538,9500.0,,,,,,,,,,,,,,,,9984.61538,13230.76923,16423.07692,11115.38462,,,,,,,,,,,,,,,,,,,,,,,,,,,,,,,,,,,,,,,,,,,,,,,,,,,,,,,,,,,,,,,,,,,,,,,,,,,,
Q2-1990,,,9130.76923,9250.0,,,,,,,,,,,,,,,,9130.76923,11257.69231,17000.0,11384.61538,,,,,,,,,,,,,,,,,,,,,,,,,,,,,,,,,,,,,,,,,,,,,,,,,,,,,,,,,,,,,,,,,,,,,,,,,,,,
Q3-1990,,,8280.76923,8719.23077,,,,,,,,,,,,,,,,8280.76923,9673.07692,17076.92308,11000.0,,,,,,,,,,,,,,,,,,,,,,,,,,,,,,,,,,,,,,,,,,,,,,,,,,,,,,,,,,,,,,,,,,,,,,,,,,,,
Q4-1990,,,7730.76923,8500.0,,,,,,,,,,,,,,,,7730.76923,9000.0,16750.0,11730.76923,,,,,,,,,,,,,,,,,,,,,,,,,,,,,,,,,,,,,,,,,,,,,,,,,,,,,,,,,,,,,,,,,,,,,,,,,,,,
Q1-1991,,,8134.61538,8826.92308,,,,,,,,,,,,,,,,8134.61538,10284.61538,16557.69231,12576.92308,,,,,,,,,,,,,,,,,,,,,,,,,,,,,,,,,,,,,,,,,,,,,,,,,,,,,,,,,,,,,,,,,,,,,,,,,,,,
Q2-1991,,,9165.38462,9203.84615,,,,,,,,,,,,,,,,9165.38462,11757.69231,16500.0,13000.0,,,,,,,,,,,,,,,,,,,,,,,,,,,,,,,,,,,,,,,,,,,,,,,,,,,,,,,,,,,,,,,,,,,,,,,,,,,,
Q3-1991,,,9984.61538,10026.92308,,,,,,,,,,,,,,,,9984.61538,13019.23077,18038.46154,12692.30769,,,,,,,,,,,,,,,,,,,,,,,,,,,,,,,,,,,,,,,,,,,,,,,,,,,,,,,,,,,,,,,,,,,,,,,,,,,,
Q4-1991,,,10326.92308,10503.84615,,,,,,,,,,,,,,,,10326.92308,13146.15385,18653.84615,11961.53846,,,,,,,,,,,,,,,,,,,,,,,,,,,,,,,,,,,,,,,,,,,,,,,,,,,,,,,,,,,,,,,,,,,,,,,,,,,,
Q1-1992,,,9188.46154,9615.38462,,,,,,,,,,,,,,,18942.30769,9188.46154,11426.92308,17076.92308,12000.0,,,,,,,,,,,,,,,,,,,,,,,,,,,,,,,,,,,,,,,,,,,,,,,,,,,,,,,,,,,,,,,,,,,,,,,,,,,,
Q2-1992,,,8376.92308,9238.46154,,,,,,,,,,,,,,,14019.23077,8376.92308,9934.61538,13884.61538,10807.69231,,,,,,,,,,,,,,,,,,,,,,,,,,,,,,,,,,,,,,,,,,,,,,,,,,,,,,,,,,,,,,,,,,,,,,,,,,,,
Q3-1992,,,8288.46154,9196.15385,,,,,,,,,,,,,,,11896.15385,8288.46154,8807.69231,12230.76923,9884.61538,,,,,,,,,,,,,,,,,,,,,,,,,,,,,,,,,,,,,,,,,,,,,,,,,,,,,,,,,,,,,,,,,,,,,,,,,,,,
Q4-1992,,,8411.53846,9492.30769,,,,,,,,,,,,,,,11250.0,8411.53846,8923.07692,12000.0,9115.38462,,,,,,,,,,,,,,,,,,,,,,,,,,,,,,,,,,,,,,,,,,,,,,,,,,,,,,,,,,,,,,,,,,,,,,,,,,,,
Q1-1993,,,9196.15385,9569.23077,,,,,,,,,,,,,,,11953.84615,9196.15385,9750.0,11038.46154,9000.0,,,,,,,,,,,,,,,,,,,,,,,,,,,,,,,,,,,,,,,,,,,,,,,,,,,,,,,,,,,,,,,,,,,,,,,,,,,,
Q2-1993,,,10119.23077,10565.38462,,,,,,,,,,,,,,,15600.0,10119.23077,11380.76923,12500.0,9884.61538,,,,,,,,,,,,,,,,,,,,,,,,,,,,,,,,,,,,,,,,,,,,,,,,,,,,,,,,,,,,,,,,,,,,,,,,,,,,
Q3-1993,,,9988.46154,10634.61538,,,,,,,,,,,,,,,16607.69231,9988.46154,11126.92308,13115.38462,10615.38462,,,,,,,,,,,,,,,,,,,,,,,,,,,,,,,,,,,,,,,,,,,,,,,,,,,,,,,,,,,,,,,,,,,,,,,,,,,,
Q4-1993,,,9425.0,10382.14286,,,,,,,,,,,,,,,15725.0,9425.0,10082.14286,13571.42857,11071.42857,,,,,,,,,,,,,,,,,,,,,,,,,,,,,,,,,,,,,,,,,,,,,,,,,,,,,,,,,,,,,,,,,,,,,,,,,,,,
Q1-1994,,,9541.66667,10458.33333,,,,,,,,,,,,,,,13854.16667,9541.66667,9312.5,13083.33333,11333.33333,,,,,,,,,,,,,,,,,,,,,,,,,,,,,,,,,,,,,,,,,,,,,,,,,,,,,,,,,,,,,,,,,,,,,,,,,,,,
Q2-1994,,,9776.92308,10330.76923,,,,,,,,,,,,,,,15488.46154,9776.92308,10142.30769,12500.0,11000.0,,,,,,,,,,,,,,,,,,,,,,,,,,,,,,,,,,,,,,,,,,,,,,,,,,,,,,,,,,,,,,,,,,,,,,,,,,,,
Q3-1994,,,9485.71429,10089.28571,,,,,,,,,,,,,,,17342.85714,9485.71429,10467.85714,12500.0,11321.42857,,,,,,,,,,,,,,,,,,,,,,,,,,,,,,,,,,,,,,,,,,,,,,,,,,,,,,,,,,,,,,,,,,,,,,,,,,,,
Q4-1994,,,10446.15385,10680.76923,,,,,,,,,,,,,,,20465.38462,10446.15385,12307.69231,12500.0,11500.0,,,,,,,,,,,,,,,,,,,,,,,,,,,,,,,,,,,,,,,,,,,,,,,,,,,,,,,,,,,,,,,,,,,,,,,,,,,,
Q1-1995,,,11273.07692,11342.30769,,,,,,,,,,,,,,,20953.84615,11273.07692,13811.53846,18923.07692,13500.0,,,,,,,,,,,,,,,,,,,,,,,,,,,,,,,,,,,,,,,,,,,,,,,,,,,,,,,,,,,,,,,,,,,,,,,,,,,,
Q2-1995,,,11942.30769,11415.38462,,,,,,,,,,,,,,,21061.53846,11942.30769,14615.38462,18500.0,13500.0,,,,,,,,,,,,,,,,,,,,,,,,,,,,,,,,,,,,,,,,,,,,,,,,,,,,,,,,,,,,,,,,,,,,,,,,,,,,
Q3-1995,,,12561.53846,11638.46154,,,,,,,,,,,,,,,19942.30769,12561.53846,14338.46154,18730.76923,13634.61538,,,,,,,,,,,,,,,,,,,,,,,,,,,,,,,,,,,,,,,,,,,,,,,,,,,,,,,,,,,,,,,,,,,,,,,,,,,,
Q4-1995,,,11288.46154,10557.69231,,,,,,,,,,,,,,,17134.61538,11288.46154,12561.53846,19500.0,13750.0,,,,,,,,,,,,,,,,,,,,,,,,,,,,,,,,,,,,,,,,,,,,,,,,,,,,,,,,,,,,,,,,,,,,,,,,,,,,
Q1-1996,,,10015.38462,10242.30769,,,,,,,,,,,,,,,13753.84615,10015.38462,10992.30769,19961.53846,13750.0,,,,,,,,,,,,,,,,,,,,,,,,,,,,,,,,,,,,,,,,,,,,,,,,,,,,,,,,,,,,,,,,,,,,,,,,,,,,
Q2-1996,,,9050.0,9692.30769,,,,,,,,,,,,,,,13319.23077,9050.0,9269.23077,20788.46154,13980.76923,,,,,,,,,,,,,,,,,,,,,,,,,,,,,,,,,,,,,,,,,,,,,,,,,,,,,,,,,,,,,,,,,,,,,,,,,,,,
Q3-1996,,,7930.76923,8788.46154,,,,,,,,,,,,,,,11580.76923,7930.76923,7784.61538,21538.46154,14250.0,,,,,,,,,,,,,,,,,,,,,,,,,,,,,,,,,,,,,,,,,,,,,,,,,,,,,,,,,,,,,,,,,,,,,,,,,,,,
Q4-1996,,,7811.53846,8653.84615,,,,,,,,,,,,,,,11757.69231,7811.53846,8746.15385,22000.0,14096.15385,,,,,,,,,,,,,,,,,,,,,,,,,,,,,,,,,,,,,,,,,,,,,,,,,,,,,,,,,,,,,,,,,,,,,,,,,,,,
Q1-1997,,,8280.76923,8869.23077,,,,,,,,,,,,,,,14184.61538,8280.76923,10250.0,22000.0,14019.23077,,,,,,,,,,,,,,,,,,,,,,,,,,,,,,,,,,,,,,,,,,,,,,,,,,,,,,,,,,,,,,,,,,,,,,,,,,,,
Q2-1997,,,8400.0,8976.92308,,,,,,,,,,,,,,,14338.46154,8400.0,9526.92308,23000.0,14596.15385,,,,,,,,,,,,,,,,,,,,,,,,,,,,,,,,,,,,,,,,,,,,,,,,,,,,,,,,,,,,,,,,,,,,,,,,,,,,
Q3-1997,,,8446.15385,9265.38462,,,,,,,,,,,,,,,16257.69231,8446.15385,9519.23077,23307.69231,14819.23077,,,,,,,,,,,,,,,,,,,,,,,,,,,,,,,,,,,,,,,,,,,,,,,,,,,,,,,,,,,,,,,,,,,,,,,,,,,,
Q4-1997,,,8257.69231,9196.15385,,,,,,,,,,,,,,,16383.84615,8257.69231,9073.07692,24307.69231,14423.07692,,,,,,,,,,,,,,,,,,,,,,,,,,,,,,,,,,,,,,,,,,,,,,,,,,,,,,,,,,,,,,,,,,,,,,,,,,,,
Q1-1998,,,7311.53846,8342.30769,,,,,,,,,,,,,,,13576.92308,7311.53846,7088.46154,25000.0,14000.0,,,,,,,,,,,,,,,,,,,,,,,,,,,,,,,,,,,,,,,,,,,,,,,,,,,,,,,,,,,,,,,,,,,,,,,,,,,,
Q2-1998,,,7238.46154,8142.30769,,,,,,,,,,,,,,,10826.92308,7238.46154,6665.38462,24538.46154,12942.30769,,,,,,,,,,,,,,,,,,,,,,,,,,,,,,,,,,,,,,,,,,,,,,,,,,,,,,,,,,,,,,,,,,,,,,,,,,,,
Q3-1998,,,6653.84615,7642.30769,,,,,,,,,,,,,,,8665.38462,6653.84615,5807.69231,23365.38462,12538.46154,,,,,,,,,,,,,,,,,,,,,,,,,,,,,,,,,,,,,,,,,,,,,,,,,,,,,,,,,,,,,,,,,,,,,,,,,,,,
Q4-1998,,,6653.84615,7076.92308,,,,,,,,,,,,,,,10134.61538,6653.84615,6042.30769,20538.46154,12692.30769,,,,,,,,,,,,,,,,,,,,,,,,,,,,,,,,,,,,,,,,,,,,,,,,,,,,,,,,,,,,,,,,,,,,,,,,,,,,
Q1-1999,,,5942.30769,6688.46154,,,,,,,,,,,,,,,8884.61538,5942.30769,5634.61538,19211.53846,12192.30769,,,,,,,,,,,,,,,,,,,,,,,,,,,,,,,,,,,,,,,,,,,,,,,,,,,,,,,,,,,,,,,,,,,,,,,,,,,,
Q2-1999,,,5996.15385,6538.46154,,,,,,,,,,,,,,,8696.15385,5996.15385,6346.15385,18076.92308,11096.15385,,,,,,,,,,,,,,,,,,,,,,,,,,,,,,,,,,,,,,,,,,,,,,,,,,,,,,,,,,,,,,,,,,,,,,,,,,,,
Q3-1999,,,6696.15385,7073.07692,,,,,,,,,,,,,,,11088.46154,6696.15385,7403.84615,17788.46154,11019.23077,,,,,,,,,,,,,,,,,,,,,,,,,,,,,,,,,,,,,,,,,,,,,,,,,,,,,,,,,,,,,,,,,,,,,,,,,,,,
Q4-1999,,,7642.85714,7814.28571,,,,,,,,,,,,,,,14378.57143,7642.85714,8439.28571,17714.28571,11285.71429,,,,,,,,,,,,,,,,,,,,,,,,,,,,,,,,,,,,,,,,,,,,,,,,,,,,,,,,,,,,,,,,,,,,,,,,,,,,
Q1-2000,,,8257.69231,8169.23077,25000.0,,,,,,,,,,,,,,15592.30769,8257.69231,9180.76923,20711.53846,12480.76923,,,,,,,,,,,,,,,,,,,,,,,,,,,,,,,,,,,,,,,,,,,,,,,,,,,,,,,,,,,,,,,,,,,,,,,,,,,,
Q2-2000,,,8846.15385,8500.0,26230.76923,,,,15833.33333,,,,,,,,,,16319.23077,8846.15385,9934.61538,26230.76923,13461.53846,,,,,,,,,,,,,,,,,,,,,,,,,,,,,,,,,,,,,,,,,,,,,,,,,,,,,,,,,,,,,,,,,,,,,,,,,,,,
Q3-2000,,,8807.69231,8500.0,32230.76923,,,,17480.76923,,,,,,,,,,18480.76923,8807.69231,10269.23077,32230.76923,14846.15385,,,,,,,,,,,,,,,,,,,,,,,,,,,,,,,,,,,,,,,,,,,,,,,,,,,,,,,,,,,,,,,,,,,,,,,,,,,,
Q4-2000,,,9123.07692,8750.0,41461.53846,,,,20076.92308,,,,,,,,,,18011.53846,9123.07692,9665.38462,41461.53846,17788.46154,,,,,,,,,,,,,,,,,,,,,,,,,,,,,,,,,,,,,,,,,,,,,,,,,,,,,,,,,,,,,,,,,,,,,,,,,,,,
Q1-2001,,17730.76923,8811.53846,8530.76923,40692.30769,,19980.76923,,24961.53846,,,,,,,,,,15084.61538,8811.53846,9742.30769,40692.30769,19980.76923,,,,,,,,,,,,,,,,,,,,,,,,,,,,,,,,,,,,,,,,,,,,,,,,,,,,,,,,,,,,,,,,10950.0,,,,,,,,,,9800.0,,
Q2-2001,,17711.53846,8919.23077,8696.15385,37153.84615,,19846.15385,,25076.92308,,,,,,,,,,15030.76923,8919.23077,9700.0,37153.84615,19846.15385,,,,,,,,,,,,,,,,,,,,,,,,,,,,,,,,,,,,,,,,,,,,,,,,,,,,,,,,,,,,,,,,9700.0,,,,,,,,,,9750.0,,
Q3-2001,,17826.92308,8100.0,8442.30769,30500.0,,19250.0,,21692.30769,,,,,,,,,,11442.30769,8100.0,8261.53846,30500.0,19250.0,,,,,,,,,,,,,,,,,,,,,,,,,,,,,,,,,,,,,,,,,,,,,,,,,,,,,,,,,,,,,,,,8261.53846,,,,,,,,,,9038.46154,,
Q4-2001,12000.0,15192.30769,6734.61538,7973.07692,24115.38462,12500.0,16403.84615,,19461.53846,20666.66667,,17833.33333,,,,,,,9576.92308,6734.61538,6976.92308,24115.38462,16403.84615,,,,,,,,,,,,,,,,,,,,,,,,,,,,,,,,,,,,,,,,,,,,,,,,,,,,,,,,11600.0,,,,,,,,6976.92308,,,,13500.0,,,,,,8319.23077,,
Q1-2002,12673.07692,13692.30769,6657.69231,7780.76923,18480.76923,12423.07692,13269.23077,7496.15385,16192.30769,19403.84615,8226.92308,18615.38462,,,,,,,12957.69231,7496.15385,8076.92308,18480.76923,13269.23077,,,,,,,,,,,,,,,,,,,,,,,,,,,,,,,,,,,,,,,,,,,,,,,,,,,,,,,,12957.69231,,,,,,,,8076.92308,,,,14769.23077,,,,,,8944.23077,,
Q2-2002,12653.84615,13057.69231,7426.92308,7900.0,18730.76923,12653.84615,12730.76923,8238.46154,16000.0,19730.76923,8492.30769,18096.15385,,,,,,,14365.38462,8238.46154,8550.0,18730.76923,12730.76923,,,,,,,,,,,,,,,,,,,,,,,,,,,,,,,,,,,,,,,,,,,,,,,,,,,,,,,,14365.38462,,,,,,,,8550.0,,,,15480.76923,,,,,,9455.76923,,
Q3-2002,13711.53846,13346.15385,7361.53846,7869.23077,18153.84615,13711.53846,13500.0,8269.23077,16788.46154,19096.15385,8569.23077,18384.61538,,,,,,,14269.23077,8269.23077,8819.23077,18153.84615,13500.0,,,,,,,,,,,,,,,,,,,,,,,,,,,,,,,,,,,,,,,,,,,,,,,,,,,,,,,,14269.23077,,,,,,,,8819.23077,,,,15134.61538,,,,,,9088.46154,,
Q4-2002,13538.46154,13615.38462,8696.15385,8203.84615,21115.38462,13423.07692,13800.0,9388.46154,16942.30769,20153.84615,8723.07692,16557.69231,,,,,,,16923.07692,9388.46154,10076.92308,21115.38462,13800.0,,,,,,,,,,,,,,,,,,,,,,,,,,,,,,,,,,,,,,,,,,,,,,,,,,,,,,,18940.0,16884.61538,,,,,,,10950.0,10076.92308,,,,15792.30769,,,,,,9480.76923,,
Q1-2003,13750.0,14207.69231,9807.69231,8642.30769,28846.15385,14000.0,14723.07692,10653.84615,18326.92308,23423.07692,9453.84615,17000.0,,,,,,,18750.0,10653.84615,12134.61538,28846.15385,14723.07692,,,,,,,,,,,,,,,,,,,,,,,,,,,,,,,,,,,,,,,,,,,,,,,,,,,,,,,19730.76923,18750.0,,,,,,,12461.53846,12134.61538,,,,16730.76923,,,,,,10442.30769,,
Q2-2003,13561.53846,13753.84615,10726.92308,9015.38462,26692.30769,14250.0,14750.0,11861.53846,18500.0,23269.23077,9861.53846,17000.0,,,,,,,22019.23077,11861.53846,12884.61538,26692.30769,14750.0,,,,,,,,,,,,,,,,,,,,,,,,,,,,,,,,,,,,,,,,,,,,,,,,,,,,,,,22653.84615,22019.23077,,,,,,,13653.84615,12884.61538,,,,17403.84615,,,,,,10846.15385,,
Q3-2003,13400.0,13623.07692,11726.92308,9465.38462,25692.30769,14250.0,14723.07692,13115.38462,19442.30769,23538.46154,10369.23077,17030.76923,,,,,,,26788.46154,13115.38462,15219.23077,25692.30769,14723.07692,,,,,,,,,,,,,,,,,,,,,,,,,,,,,,,,,,,,,,,,,,,,,,,,,,,,,,,27750.0,26788.46154,,,,,,,15392.30769,15219.23077,,,,21130.76923,,,,,,11903.84615,,
Q4-2003,13280.76923,13507.69231,19000.0,12669.23077,28000.0,14303.84615,14684.61538,22711.53846,18192.30769,24576.92308,15200.0,16761.53846,,,,,,,56000.0,22711.53846,28134.61538,28000.0,14684.61538,,,,,,,,,,,,,,,,,,,,,,,,,,,,,,,,,,,,,,,,,,,,,,,,,,,,,,,55884.61538,56000.0,,,,,,,28153.84615,28134.61538,,,,34692.30769,,,,,,17634.61538,,
Q1-2004,13788.46154,14042.30769,31923.07692,17653.84615,34153.84615,15134.61538,15250.0,35884.61538,19192.30769,26692.30769,19807.69231,17423.07692,,,,,,,69884.61538,35884.61538,43134.61538,34153.84615,15250.0,,,,,,,,,,,,,,,,,,,,,,,,,,,,,,,,,,,,,,,,,,,,,,,,,,,,,,,74134.61538,69884.61538,,,,,,,44692.30769,43134.61538,,,,50000.0,,,,,,27576.92308,,
Q2-2004,14400.0,14984.61538,21346.15385,12423.07692,34538.46154,15184.61538,15861.53846,25519.23077,20192.30769,28807.69231,14192.30769,19223.07692,,,,,,,52923.07692,25519.23077,27461.53846,34538.46154,15861.53846,,,,,,,,,,,,,,,,,,,,,,,,,,,,,,,,,,,,,,,,,,,,,,,,,,,,,,,56461.53846,52923.07692,,,,,,,28884.61538,27461.53846,,,,37923.07692,,,,,,19076.92308,,
Q3-2004,16338.46154,17480.76923,22423.07692,13988.46154,37461.53846,17903.84615,19250.0,26230.76923,23923.07692,31000.0,15873.07692,21576.92308,,,,,,,48538.46154,26230.76923,29307.69231,37461.53846,19250.0,,,,,,,,,,,,,,,,,,,,,,,,,,,,,,,,,,,,,,,,,,,,,,,,,,,,,,,56615.38462,48538.46154,,,,,,,30153.84615,29307.69231,,,,38461.53846,,,,,,19576.92308,,
Q4-2004,18285.71429,19625.0,25375.0,16785.71429,55678.57143,20971.42857,25142.85714,30107.14286,34178.57143,38428.57143,19303.57143,26250.0,,,,,,,62714.28571,30107.14286,35000.0,55678.57143,25142.85714,,,,,,,,,,,,,,,,,,,,,,,,,,,,,,,,,,,,,,,,,,,,,,,,,,,,,,,66571.42857,62714.28571,,,,,,,35785.71429,35000.0,,,,42392.85714,,,,,,22821.42857,,
Q1-2005,18375.0,19833.33333,25687.5,17404.16667,46500.0,21708.33333,25541.66667,29854.16667,31916.66667,36583.33333,19729.16667,24583.33333,,,,,,,65083.33333,29854.16667,36250.0,46500.0,25541.66667,,,,,,,,,,,,,,,,,,,,,,,,,,,,,,,,,,,,,,,,,,,,,,,,,,,,,,,67750.0,65083.33333,,,,,,,37875.0,36250.0,,,,45916.66667,,,,,,24208.33333,,
Q2-2005,18519.23077,22365.38462,20923.07692,15769.23077,41730.76923,23807.69231,24961.53846,24769.23077,30615.38462,35192.30769,18503.84615,26000.0,,,,,,,55846.15385,24769.23077,28423.07692,41730.76923,24961.53846,,,,,,,,,,,,,,,,,,,,,,,,,,,,,,,,,,,,,,,,,,,,,,,,,,,,,,,59903.84615,55846.15385,,,,,,,30384.61538,28423.07692,,,,42576.92308,,,,,,21692.30769,,
Q3-2005,19928.57143,22035.71429,15839.28571,13089.28571,41107.14286,22428.57143,24285.71429,18250.0,31785.71429,35000.0,15150.0,26357.14286,20500.0,17653.84615,,,,,37071.42857,18250.0,19214.28571,41107.14286,24285.71429,,,,,,,,,,,,,,,,,,,,,,,,,,,,,,,,,,,,,,,,,,,,,,,,,,,,,,,40714.28571,37071.42857,,,,,,,19928.57143,19214.28571,,,,31857.14286,,,,,,16303.57143,,
Q4-2005,21576.92308,22961.53846,14750.0,11788.46154,44230.76923,26692.30769,29423.07692,17173.07692,33307.69231,36730.76923,13834.61538,27153.84615,20500.0,17500.0,,,,,39615.38462,17173.07692,18346.15385,44230.76923,29423.07692,,,,,,,,,,,,,,,,,,,,,,,,,,,,,,,,,,,,,,,,,,,,,,,,,,,,,,,43461.53846,39615.38462,,,,,,,19096.15385,18346.15385,,,,31423.07692,,,,,,16826.92308,,
Q1-2006,21076.92308,22692.30769,13876.92308,11046.15385,40846.15385,25538.46154,27615.38462,15807.69231,31615.38462,37307.69231,13050.0,27500.0,21846.15385,17538.46154,,,,,30384.61538,15807.69231,16000.0,40846.15385,27615.38462,,,,,,,,,,,,,,,,,,,,,,,,,,,,,,,,,,,,,,,,,,,,,,,,,,,,,,,33615.38462,30384.61538,,,,,,,16230.76923,16000.0,,,,26230.76923,,,,,,13461.53846,,
Q2-2006,20076.92308,21192.30769,16290.38462,12865.38462,39615.38462,23000.0,24923.07692,18407.69231,28846.15385,36576.92308,14346.15385,26115.38462,20000.0,18846.15385,,,,,31576.92308,18407.69231,16776.92308,39615.38462,24923.07692,,,,,,,,,,,,,,,,,,,,,,,,,,,,,,,,,,,,,,,,,,,,,,,,,,,,,,,34384.61538,31576.92308,,,,,,,17057.69231,16776.92308,,,,28192.30769,,,,,,13769.23077,,
Q3-2006,20807.69231,22230.76923,21984.61538,16696.15385,47461.53846,26153.84615,29076.92308,25173.07692,32615.38462,40076.92308,18653.84615,27307.69231,20961.53846,19346.15385,,,,,53123.07692,25173.07692,26423.07692,47461.53846,29076.92308,,,,,,,,,,,,,,,,,,,,,,,,,,,,,,,,,,,,,,,,,,,,,,,,,,,,,,,57692.30769,53123.07692,,,,,,,26788.46154,26423.07692,,,,44423.07692,,,,,,20576.92308,,
Q4-2006,20884.61538,23076.92308,25576.92308,18480.76923,44846.15385,24038.46154,26384.61538,28134.61538,31307.69231,38461.53846,21038.46154,27500.0,22500.0,19500.0,,,,,59192.30769,28134.61538,29269.23077,44846.15385,26384.61538,,,,,,,,,,,,,,,,,,,,,,,,,,,,,,,,,,,,,,,,,,,,,,,,,,,,,,,62000.0,59192.30769,,,,,,,28692.30769,29269.23077,,,,46615.38462,,,,,,23134.61538,,
Q1-2007,21000.0,22923.07692,26538.46154,21211.53846,43615.38462,23500.0,25076.92308,29903.84615,29923.07692,38000.0,24442.30769,27230.76923,21730.76923,19961.53846,,,,,63538.46154,29903.84615,31769.23077,43615.38462,25076.92308,,,,,,,,,,,,,,,,,,,,,,,,,,,,,,,,,,,,,,,,,,,,,,,,,,,,,,,69038.46154,63538.46154,,,,,,,32538.46154,31769.23077,,,,52538.46154,,,,,,25826.92308,,
Q2-2007,21423.07692,23423.07692,34230.76923,25346.15385,45000.0,24153.84615,26538.46154,38442.30769,29538.46154,38538.46154,28903.84615,26692.30769,21884.61538,19615.38462,,,,,85192.30769,38442.30769,40576.92308,45000.0,26538.46154,,,,,,,,,,,,,,,,,,,,,,,,,,,,,,,,,,,,,,,,,,,,,,,,,,,,,,,91500.0,85192.30769,,,,,,,41615.38462,40576.92308,,,,64153.84615,,,,,,31576.92308,,
Q3-2007,21346.15385,23807.69231,43500.0,31738.46154,45576.92308,23961.53846,26846.15385,49576.92308,30307.69231,39692.30769,36807.69231,27230.76923,22500.0,19500.0,,,,,110230.76923,49576.92308,57884.61538,45576.92308,26846.15385,,,,,,,,,,,,,,,,,,,,,,,,,,,,,,,,,,,,,,,,,,,,,,,,,,,,,,,116230.76923,110230.76923,,,,,,,60423.07692,57884.61538,,,,82538.46154,,,,,,44076.92308,,
Q4-2007,21500.0,23000.0,55211.53846,37153.84615,43615.38462,21461.53846,25153.84615,64884.61538,27500.0,38076.92308,44846.15385,26500.0,22038.46154,19500.0,,,,,155384.61538,64884.61538,77115.38462,43615.38462,25153.84615,,,,,,,,,,,,,,,,,,,,,,,,,,,,,,,,,,,,,,,,,,,,,,,,,,,,,,,164230.76923,155384.61538,,,,,,,76615.38462,77115.38462,,,,104000.0,,,,,,57615.38462,,
Q1-2008,20923.07692,22461.53846,47000.0,33076.92308,42000.0,22576.92308,24346.15385,55923.07692,26807.69231,37884.61538,38384.61538,25846.15385,22000.0,19500.0,,,,,129846.15385,55923.07692,65923.07692,42000.0,24346.15385,,,,,,,,,,,,,,,,,,,,,,,,,,,,,,,,,,,,,,,,,,,,,,,,,,,,,,,137076.92308,129846.15385,,,,,,,67923.07692,65923.07692,,,,100000.0,,,,,,49692.30769,,
Q2-2008,19788.46154,22115.38462,51192.30769,35730.76923,45076.92308,21557.69231,22846.15385,60500.0,27461.53846,39692.30769,43076.92308,25596.15385,21230.76923,19538.46154,,,,,149461.53846,60500.0,73730.76923,45076.92308,22846.15385,,,,,,,,,,,,,,,,,,,,,,,,,,,,,,,,,,,,,,,,,,,,,,,,,,,,,,,160153.84615,149461.53846,,,,,,,77230.76923,73730.76923,,,112750.0,105153.84615,,,,,62250.0,58115.38462,,
Q3-2008,20750.0,23384.61538,45500.0,32807.69231,55000.0,22480.76923,24500.0,52634.61538,31923.07692,44846.15385,40173.07692,27846.15385,22000.0,20000.0,,,,,131307.69231,52634.61538,61769.23077,55000.0,24500.0,,,,,,,,,,,,,,,,,,,,,,,,,,,,,,,,,,,,,,,,,,,,,,,,,,,,,,,139692.30769,131307.69231,,,,,,,67461.53846,61769.23077,,,103653.84615,99192.30769,,,,,53538.46154,53384.61538,,
Q4-2008,20076.92308,21326.92308,11000.0,11307.69231,46692.30769,21192.30769,22230.76923,12980.76923,30692.30769,41269.23077,13519.23077,26653.84615,20500.0,19307.69231,,,,,22153.84615,12980.76923,15115.38462,46692.30769,22230.76923,,,,,,,,,,,,,,,,,,,,,,,,,,,,,,,,,,,,,,,,,,,,,,,,,,,,,,,22538.46154,22153.84615,,,,,,,15942.30769,15115.38462,,,21276.92308,21030.76923,,,,,16115.38462,16038.46154,,
Q1-2009,17346.15385,18538.46154,10000.0,10846.15385,39538.46154,17884.61538,18846.15385,11538.46154,25076.92308,36076.92308,12346.15385,23423.07692,17753.84615,16846.15385,,,,,24730.76923,11538.46154,12961.53846,39538.46154,18846.15385,,,,,,,,,,,,,,,,,,,,,,,,,,,,,,,,,,,,,,,,,,,,,,,,,,,,,,,26500.0,24730.76923,,,,,,,14250.0,12961.53846,,,24615.38462,23769.23077,,,,,14615.38462,14615.38462,,
Q2-2009,15076.92308,17019.23077,11673.07692,11261.53846,31615.38462,15038.46154,16423.07692,13480.76923,19038.46154,29538.46154,12800.0,20423.07692,16000.0,15000.0,,,,,30538.46154,13480.76923,15461.53846,31615.38462,16423.07692,,,,,,,,,,,,,,,,,,,,,,,,,,,,,,,,,,,,,,,,,,,,,,,,,,,,,,,36000.0,30538.46154,,,,,,,18057.69231,15461.53846,,,26153.84615,25115.38462,,,,,14615.38462,14538.46154,,
Q3-2009,12384.61538,14653.84615,14000.0,12807.69231,26230.76923,11576.92308,13384.61538,16000.0,17461.53846,25961.53846,14211.53846,18576.92308,15115.38462,13307.69231,,,,,36500.0,16000.0,18692.30769,26230.76923,13384.61538,,,,,,,,,,,,,,,,,,,,,,,,,,,,,,,,,,,,,,,,,,,,,,,,,,,,,,,39288.46154,36500.0,,,,,,,21384.61538,18692.30769,,,33230.76923,31576.92308,,,,,15576.92308,15538.46154,,
Q4-2009,10807.69231,13269.23077,15634.61538,13442.30769,24923.07692,10307.69231,12269.23077,17692.30769,15923.07692,24846.15385,14865.38462,17403.84615,14269.23077,12500.0,,,,,34576.92308,17692.30769,20480.76923,24923.07692,12269.23077,,,,,,,,,,,,,,,,,,,,,,,,,,,,,,,,,,,,,,,,,,,,,,,,,,,,,,,38076.92308,34576.92308,,,,,,,23923.07692,20480.76923,,,29192.30769,28115.38462,,,,,17403.84615,17346.15385,,
Q1-2010,10500.0,13500.0,18519.23077,14826.92308,26192.30769,10615.38462,13153.84615,21326.92308,16692.30769,25230.76923,16673.07692,17250.0,14500.0,12500.0,,,,,35269.23077,21326.92308,24557.69231,26192.30769,13153.84615,,,,,,,,,,,,,,,,,,,,,,,,,,,,,,,,,,,,,,,,,,,,,,,,,,,,,,,37500.0,35269.23077,,,,,,,27480.76923,24557.69231,,,31846.15385,30230.76923,,,,,19538.46154,19538.46154,,
Q2-2010,11384.61538,13730.76923,20330.76923,15807.69231,29500.0,11153.84615,13000.0,23134.61538,16461.53846,27192.30769,17884.61538,17211.53846,14500.0,12500.0,,,,,33730.76923,23134.61538,26346.15385,29500.0,13000.0,,,,,,,,,,,,,,,,,,,,,,,,,,,,,,,,,,,,,,,,,,,,,,,,,,,,,,,36423.07692,33730.76923,,,,,,,29192.30769,26346.15385,,,31153.84615,30076.92308,,,,,20730.76923,20500.0,,
Q3-2010,12153.84615,14653.84615,18601.92308,16057.69231,31384.61538,12269.23077,13461.53846,21009.61538,17326.92308,29692.30769,18038.46154,17692.30769,15153.84615,12865.38462,,,,,29115.38462,21009.61538,22865.38462,31384.61538,13461.53846,,,,,,,,,,,,,,,,,,,,,,,,,,,,,,,,,,,,,,,,,,,,,,,,,,,,,,,32423.07692,29115.38462,,,,,,,25000.0,22865.38462,,,28384.61538,26384.61538,,,,,19730.76923,19519.23077,,
Q4-2010,13000.0,14767.85714,16044.64286,14821.42857,26571.42857,12035.71429,13035.71429,18125.0,15982.14286,27428.57143,16660.71429,17803.57143,15035.71429,13250.0,,,,,28000.0,18125.0,19464.28571,26571.42857,13035.71429,,,,,,,,,,,,,,,,,,,,,,,,,,,,,,,,,,,,,,,,,,,,,,,,,,,,,,,31750.0,28000.0,,,,,,,22142.85714,19464.28571,,,28000.0,25857.14286,,,,,18535.71429,18446.42857,,
Q1-2011,13000.0,14312.5,13260.41667,13006.25,22375.0,12083.33333,13062.5,15291.66667,14895.83333,25791.66667,14812.5,16770.83333,15000.0,13250.0,,,,,17416.66667,15291.66667,16412.5,22375.0,13062.5,,,,,,,,,,,,,,,,,,,,,,,,,,,,,,,,,,,,,,,,,,,,,,,,,,,,,,,20041.66667,17416.66667,,,,,,,18291.66667,16412.5,,,21250.0,19666.66667,,,,,15937.5,15812.5,,
Q2-2011,13384.61538,14807.69231,13009.61538,12750.0,21153.84615,12423.07692,14038.46154,14548.07692,15634.61538,25230.76923,14192.30769,16653.84615,15153.84615,13634.61538,,,,,12076.92308,14548.07692,14326.92308,21153.84615,14038.46154,,,,,,,,,,,,,,,,,,,,,,,,,,,,,,,,,,,,,,,,,,,,,,,,,,,,,,,14884.61538,12076.92308,,,,,,,16273.07692,14326.92308,,,17153.84615,15307.69231,,,,,15076.92308,14653.84615,,
Q3-2011,13410.71429,14767.85714,11857.14286,11732.14286,17821.42857,12357.14286,13964.28571,13625.0,15000.0,22839.28571,13303.57143,16250.0,15232.14286,14000.0,,,,,13900.0,13625.0,12367.85714,17821.42857,13964.28571,,,,,,,,,,,,,,,,,,,,,,,,,,,,,,,,,,,,,,,,,,,,,,,,,,,,,,,17017.85714,13900.0,,,,,,,13642.85714,12367.85714,,,16642.85714,14821.42857,,,,,13642.85714,13250.0,,
Q4-2011,13019.23077,14230.76923,10980.76923,11423.07692,17346.15385,12000.0,13538.46154,13096.15385,13442.30769,20884.61538,13192.30769,14615.38462,14903.84615,13769.23077,,,,,17326.92308,13096.15385,12673.07692,17346.15385,13538.46154,,,,,,,,,,,,,,,,,,,,,,,,,,,,,,,,,,,,,,,,,,,,,,,,,,,,,,,23346.15385,17326.92308,,,,,,,13980.76923,12673.07692,,,18500.0,16576.92308,,,,,13326.92308,13076.92308,,
Q1-2012,13000.0,14673.07692,8942.30769,10019.23077,16153.84615,12211.53846,14173.07692,10865.38462,13000.0,19692.30769,11961.53846,14250.0,15326.92308,13750.0,,,,,13846.15385,10865.38462,10634.61538,16153.84615,14173.07692,,,,,,,,,,,,,,,,,,,,,,,,,,,,,,,,,,,,,,,,,,,,,,,,,,,,,,,18692.30769,13846.15385,,,,,,,11538.46154,10634.61538,,,18000.0,16192.30769,,,,,11961.53846,11596.15385,,
Q2-2012,13211.53846,14653.84615,9480.76923,9903.84615,17538.46154,12480.76923,13942.30769,11019.23077,12500.0,21307.69231,11596.15385,14000.0,15326.92308,13750.0,,,,,12192.30769,11019.23077,10115.38462,17538.46154,13942.30769,,,,,,,,,,,,,,,,,,,,,,,,,,,,,,,,,,,,,,,,,,,,,,,,,,,,,,,16076.92308,12192.30769,,,,,,,10942.30769,10115.38462,,,16615.38462,14730.76923,,,,,11538.46154,11365.38462,,
Q3-2012,13250.0,14192.30769,8653.84615,9250.0,18730.76923,12250.0,12961.53846,9865.38462,12826.92308,21500.0,10596.15385,14000.0,14692.30769,13750.0,,,,,10000.0,9865.38462,8596.15385,18730.76923,12961.53846,,,,,,,,,,,,,,,,,,,,,,,,,,,,,,,,,,,,,,,,,,,,,,,,,,,,,,,12788.46154,10000.0,,,,,,,9538.46154,8596.15385,,,14807.69231,13076.92308,,,,,10442.30769,10288.46154,,
Q4-2012,13250.0,14038.46154,7519.23077,8326.92308,17000.0,12326.92308,12980.76923,8769.23077,13653.84615,21307.69231,9826.92308,14423.07692,14500.0,13750.0,,,,,11269.23077,8769.23077,7626.92308,17000.0,12980.76923,,,,,,,,,,,,,,,,,,,,,,,,,,,,,,,,,,,,,,,,,,,,,,,,,,,,,,,14615.38462,11269.23077,,,,,,,8653.84615,7626.92308,,,13846.15385,13384.61538,,,,,9192.30769,9123.07692,,
Q1-2013,13480.76923,14596.15385,7826.92308,8634.61538,16519.23077,12865.38462,13923.07692,9153.84615,14461.53846,19846.15385,9653.84615,15057.69231,15076.92308,13980.76923,16500.0,17500.0,,,10673.07692,9153.84615,8365.38462,16519.23077,13923.07692,,,,,,,,,,,,,,,,,,,,,,,,,,,,,,,,,,,,,17384.61538,,14250.0,13951.92308,12750.0,,,,,,,,,,,,,,13192.30769,10673.07692,,,,,,,9211.53846,8365.38462,,,14000.0,13000.0,,,,,9115.38462,9115.38462,,
Q2-2013,13500.0,14846.15385,8211.53846,8750.0,15556.15385,12865.38462,14230.76923,9500.0,14980.76923,17269.23077,9846.15385,15500.0,15461.53846,14000.0,16384.61538,17403.84615,,,11000.0,9500.0,8153.84615,15556.15385,14230.76923,,,,,,,,,,,,,,,,,,,,,,,,,,,,,,,,,,,,,16269.23077,16250.0,15057.69231,14269.23077,12750.0,,,,,,,,,,,,,,13730.76923,11000.0,,,,,,,9403.84615,8153.84615,,,14038.46154,13423.07692,,,,,9538.46154,9153.84615,,
Q3-2013,13500.0,15307.69231,8500.0,8807.69231,16000.0,12826.92308,14346.15385,9780.76923,14923.07692,17500.0,10134.61538,15500.0,15730.76923,14000.0,15788.46154,17250.0,,,16750.0,9780.76923,9403.84615,16000.0,14346.15385,,,,,,,,,,,,,,,,,,,,,,,,,,,,,,,,,,,,,16125.0,16192.30769,15125.0,14336.53846,12769.23077,,,,,,,,,,,,,,18961.53846,16750.0,,,,,,,10173.07692,9403.84615,,,17884.61538,17500.0,,,,,9653.84615,9750.0,,
Q4-2013,14346.15385,15500.0,10051.92308,9942.30769,15980.76923,13692.30769,14903.84615,11701.92308,15557.69231,17769.23077,11500.0,16000.0,16000.0,14673.07692,16000.0,17250.0,,,19730.76923,11701.92308,12384.61538,15980.76923,14903.84615,,,,,,,,,,,,,,,,,,,,,,,,,,,,,,,,,,,,,16259.61538,16000.0,15500.0,14817.30769,13701.92308,,,,,,,,,,,,,,22038.46154,19730.76923,,,,,,,13692.30769,12384.61538,,,20884.61538,20576.92308,,,,,12384.61538,12288.46154,,
Q1-2014,15211.53846,15961.53846,10961.53846,10846.15385,20500.0,14461.53846,15076.92308,12903.84615,15250.0,21115.38462,12634.61538,16038.46154,16461.53846,15461.53846,16000.0,17250.0,,,24576.92308,12903.84615,14134.61538,20500.0,15076.92308,,,,,,,,,,,,,,,,,,,,,,,,,,,,,,,,,,,,,18384.61538,16000.0,15500.0,15105.76923,14346.15385,,,,,,,,,,,,,,27307.69231,24576.92308,,,,,,,15500.0,14134.61538,,,23576.92308,23423.07692,,,,,14403.84615,14173.07692,,
Q2-2014,15250.0,15538.46154,10211.53846,10538.46154,19230.76923,14307.69231,14653.84615,11865.38462,15211.53846,22923.07692,12192.30769,16250.0,16250.0,15500.0,16000.0,17250.0,,,23519.23077,11865.38462,11653.84615,19230.76923,14653.84615,16892.85714,17250.0,17500.0,,,,,,,,,,,,,,,,,,,,,,,,,,,,,,,,,,19750.0,16000.0,15500.0,14711.53846,14288.46154,,,,16583.33333,,,,,,,,,,27134.61538,23519.23077,,,,,,,13307.69231,11653.84615,,,23730.76923,23307.69231,,,,,14000.0,13596.15385,,
Q3-2014,14250.0,15038.46154,,,23000.0,13211.53846,14000.0,10826.92308,15384.61538,25000.0,10846.15385,16307.69231,15788.46154,15115.38462,17076.92308,18057.69231,11461.53846,11511.53846,21230.76923,11442.30769,10250.0,23000.0,14000.0,16173.07692,16980.76923,17346.15385,,,,,,,,,,,,,,,,,,,,,,,,11596.15385,,,,11442.30769,,,,,,22403.84615,16798.07692,15576.92308,14086.53846,13038.46154,,,,16298.07692,,,,,,,,,,22365.38462,19750.0,23769.23077,21230.76923,,,,,11461.53846,9653.84615,11711.53846,10250.0,22615.38462,22000.0,24092.30769,23346.15385,,,12673.07692,11769.23077,13480.76923,12365.38462
Q4-2014,14000.0,15057.69231,,,28115.38462,13115.38462,14788.46154,9942.30769,17673.07692,28615.38462,9865.38462,17269.23077,15750.0,15000.0,20346.15385,19692.30769,10384.61538,10307.69231,14757.69231,10461.53846,10257.69231,28115.38462,14788.46154,16692.30769,16634.61538,17000.0,,,,,,,,,,,,,,,,,,,,,,,,11096.15385,,,,10461.53846,,,,,,25423.07692,19538.46154,16750.0,14240.38462,12817.30769,,,,16163.46154,,,,,,,,,,15607.69231,13750.0,16630.76923,14757.69231,,,,,10865.38462,9703.84615,11288.46154,10257.69231,14557.69231,13903.84615,15996.15385,15326.92308,,,12519.23077,11269.23077,12923.07692,11715.38462
Q1-2015,14000.0,15134.61538,,,32615.38462,13788.46154,15096.15385,8288.46154,20230.76923,31846.15385,8730.76923,18230.76923,15750.0,15000.0,23307.69231,22384.61538,9230.76923,9423.07692,10826.92308,8788.46154,7807.69231,32615.38462,15096.15385,16807.69231,16750.0,17000.0,,,,,,,,,,,,,,,,,,,,,,,,8653.84615,,,,8788.46154,,,,,,29153.84615,20980.76923,17759.61538,14634.61538,13105.76923,,,,16250.0,,,,,,,,,,11442.30769,9803.84615,12515.38462,10826.92308,,,,,8403.84615,7430.76923,8788.46154,7807.69231,11923.07692,11384.61538,12961.53846,12461.53846,,,10096.15385,9292.30769,10500.0,9538.46154
Q2-2015,14538.46154,15884.61538,,,33692.30769,15000.0,17019.23077,7480.76923,21615.38462,32692.30769,7865.38462,19250.0,15923.07692,15000.0,25269.23077,23269.23077,8365.38462,8615.38462,9146.15385,7942.30769,7023.07692,33692.30769,17019.23077,18153.84615,17557.69231,17442.30769,,,,,,,,,,,,,,,,,,,,,,,,8307.69231,,,,7942.30769,,,,,,30269.23077,22692.30769,19250.0,15961.53846,14125.0,,,,17269.23077,,,,,,,,,,9265.38462,8019.23077,10300.0,9146.15385,,,,,7576.92308,6480.76923,8250.0,7023.07692,10511.53846,10011.53846,11361.53846,10861.53846,,,8096.15385,7688.46154,8673.07692,7903.84615
Q3-2015,16211.53846,17115.38462,,,39038.46154,17500.0,19923.07692,8115.38462,26807.69231,34115.38462,7961.53846,22173.07692,16442.30769,15423.07692,29788.46154,27115.38462,8442.30769,8634.61538,12457.69231,8615.38462,8357.69231,39038.46154,19923.07692,20846.15385,18673.07692,17788.46154,,,,,,,,,,,,,,,,,,,,,,,,9480.76923,,,,8615.38462,,,,,,34326.92308,27057.69231,22634.61538,17346.15385,16269.23077,,,,18961.53846,,,,,,,,,,12907.69231,11176.92308,14503.84615,12457.69231,,,,,8423.07692,7769.23077,9192.30769,8357.69231,12838.46154,12088.46154,13942.30769,13361.53846,,,8238.46154,8276.92308,9011.53846,8807.69231
Q4-2015,16250.0,17500.0,,,38153.84615,17230.76923,19038.46154,6596.15385,25615.38462,33500.0,7307.69231,22384.61538,16250.0,15500.0,29615.38462,26846.15385,7807.69231,8173.07692,8711.53846,7076.92308,6853.84615,38153.84615,19038.46154,19980.76923,18250.0,17250.0,,,,,,,,,,,,,,,,,,,,,,,,7384.61538,,,,7076.92308,,,,,,33826.92308,26846.15385,22500.0,17423.07692,16163.46154,,,,19000.0,,,,,,,,,,10038.46154,7734.61538,10938.46154,8711.53846,,,,,7442.30769,6411.53846,8057.69231,6853.84615,10519.23077,9442.30769,11250.0,10634.61538,,,7730.76923,7561.53846,8250.0,7961.53846
Q1-2016,15682.69231,16355.76923,,,34461.53846,16403.84615,17634.61538,4750.0,22134.61538,30846.15385,6576.92308,20403.84615,15625.0,15211.53846,26192.30769,24250.0,7076.92308,7846.15385,5738.46154,5153.84615,5315.38462,34461.53846,17634.61538,18086.53846,17086.53846,16673.07692,,,,,,,,,,,,,,,,,,,,,,,,5134.61538,,,,5153.84615,,,,,,32884.61538,25326.92308,21721.15385,17019.23077,15951.92308,,,,17759.61538,,,,,,,,,,6042.30769,4661.53846,7046.15385,5738.46154,,,,,5376.92308,4842.30769,5876.92308,5315.38462,7034.61538,6626.92308,8230.76923,7796.15385,,,6376.92308,6269.23077,6773.07692,6646.15385
Q2-2016,14759.61538,15942.30769,,,29153.84615,14875.0,16490.38462,5711.53846,20038.46154,27423.07692,6000.0,18817.30769,15538.46154,14480.76923,22971.15385,22173.07692,6500.0,7500.0,7365.38462,6153.84615,5992.30769,29153.84615,16490.38462,16932.69231,16653.84615,16432.69231,,,,,,,,,,,,,,,,,,,,,,,,6615.38462,,,,6153.84615,,,,,,28250.0,22634.61538,19442.30769,16307.69231,14894.23077,,,,16730.76923,,,,,,,,,,7711.53846,6538.46154,8730.76923,7365.38462,,,,,5703.84615,5484.61538,6173.07692,5992.30769,8765.38462,8350.0,9961.53846,9442.30769,,,6684.61538,6207.69231,6688.46154,6430.76923
Q3-2016,13607.14286,14598.21429,,,23607.14286,12982.14286,14026.78571,6578.57143,16741.07143,24160.71429,6196.42857,16687.5,14678.57143,13535.71429,18857.14286,19366.07143,6696.42857,7428.57143,7714.28571,7035.71429,6567.85714,23607.14286,14026.78571,14741.07143,15428.57143,15357.14286,,,,,,,,,,,,,,,,,,,,,,,,7714.28571,,,,7035.71429,,,,,,24491.07143,19473.21429,16937.5,14580.35714,13535.71429,,,,15339.28571,,,,,,,,,,8046.42857,6828.57143,8971.42857,7714.28571,,,,,6464.28571,6096.42857,6864.28571,6567.85714,9232.14286,8735.71429,10500.0,9982.14286,,,6950.0,6917.85714,7078.57143,7142.85714
Q4-2016,13057.69231,14000.0,,,22269.23077,11807.69231,12298.07692,7096.15385,13653.84615,22875.0,7211.53846,15028.84615,14038.46154,13057.69231,16153.84615,17625.0,7634.61538,7884.61538,9311.53846,7596.15385,7953.84615,22269.23077,12298.07692,12663.46154,14750.0,14750.0,,,,,,,,,,,,,,,,,,,,,,,,8423.07692,,,,7596.15385,,,,,,24096.15385,17000.0,14038.46154,13278.84615,12557.69231,,,,14269.23077,,,,,,,,,,10284.61538,8623.07692,10996.15385,9311.53846,,,,,8763.46154,7373.07692,9180.76923,7953.84615,10230.76923,9576.92308,11211.53846,10615.38462,,,7888.46154,7434.61538,8111.53846,8038.46154
Q1-2017,13000.0,14000.0,,,20307.69231,11326.92308,12634.61538,8230.76923,12711.53846,22586.53846,8673.07692,14875.0,14250.0,13000.0,15384.61538,17182.69231,9173.07692,9500.0,12450.0,8788.46154,9569.23077,20307.69231,12634.61538,13067.30769,14750.0,14750.0,,,,,,,,,,,,,,,,,,,,,,,,9500.0,,,,8788.46154,,,,,,23076.92308,16634.61538,13384.61538,13250.0,12403.84615,,,,14250.0,,,,,,,,,,13138.46154,10907.69231,14584.61538,12450.0,,,,,9592.30769,8846.15385,10076.92308,9569.23077,12196.15385,11653.84615,13580.76923,12980.76923,,,9792.30769,9103.84615,10226.92308,9800.0
Q2-2017,12865.38462,14000.0,,,18000.0,11134.61538,13336.53846,,13365.38462,22500.0,,14875.0,14192.30769,13000.0,15442.30769,17000.0,9923.07692,10442.30769,13865.38462,9384.61538,10184.61538,18000.0,13336.53846,13788.46154,14865.38462,14807.69231,,,,,,,,,,,,,,,,,,,,,,,,10307.69231,,,,9384.61538,,,,,,22000.0,16500.0,13875.0,13250.0,12375.0,,,,14096.15385,,,,,,,,,,15057.69231,12788.46154,16057.69231,13865.38462,,,,,11011.53846,9419.23077,11511.53846,10184.61538,14153.84615,13442.30769,15250.0,14461.53846,,,11557.69231,10269.23077,11903.84615,11092.30769
Q3-2017,12750.0,14000.0,,,18000.0,10778.84615,13163.46154,,12913.46154,22500.0,,14875.0,14125.0,13000.0,14788.46154,17000.0,10115.38462,10346.15385,13826.92308,10230.76923,11784.61538,18000.0,13163.46154,13903.84615,14807.69231,14682.69231,,,,,,,,,,,,,,,,,,,,,,,,11692.30769,,,,10230.76923,,,,,,22000.0,16500.0,13875.0,13115.38462,12375.0,,,,14057.69231,,,,,,,,,,15230.76923,12769.23077,16288.46154,13826.92308,,,,,11261.53846,10896.15385,12492.30769,11784.61538,14326.92308,13615.38462,15326.92308,14615.38462,,,11696.15385,11038.46154,12484.61538,11919.23077
Q4-2017,12750.0,14000.0,,,17673.07692,12480.76923,13740.38462,,13317.30769,22423.07692,,14875.0,14125.0,13000.0,15442.30769,17000.0,10673.07692,10673.07692,15796.15385,10884.61538,12669.23077,17673.07692,13740.38462,14634.61538,14519.23077,14625.0,,,,,,,,,,,,,,,,,,,,,,,,12538.46154,,,,10884.61538,,,,,,21730.76923,16500.0,13875.0,13480.76923,12490.38462,,,,14307.69231,,,,,,,,,,17323.07692,14750.0,18326.92308,15796.15385,,,,,12384.61538,11911.53846,13576.92308,12669.23077,14884.61538,14019.23077,15903.84615,15038.46154,,,11576.92308,12373.07692,12338.46154,13146.15385
Q1-2018,12750.0,14096.15385,,,16923.07692,12153.84615,13826.92308,,13125.0,21769.23077,,14875.0,14125.0,13028.84615,15019.23077,16894.23077,11250.0,10807.69231,17526.92308,12384.61538,13807.69231,16923.07692,13826.92308,14913.46154,14913.46154,15115.38462,12333.33333,11666.66667,18500.0,16500.0,13750.0,21250.0,17500.0,15000.0,,,,,,,,,,,,,,14333.33333,,13269.23077,,13472.22222,,12384.61538,,,,,,20403.84615,16288.46154,13875.0,13875.0,12480.76923,20000.0,16625.0,13875.0,14682.69231,12750.0,,,,,,,,,19153.84615,16496.15385,20173.07692,17526.92308,,,,,13826.92308,12884.61538,15019.23077,13807.69231,16496.15385,15584.61538,17496.15385,16584.61538,,,12038.46154,12823.07692,12903.84615,13769.23077
Q2-2018,12750.0,14125.0,,,15538.46154,11250.0,13096.15385,,12778.84615,19500.0,,14375.0,14125.0,13000.0,14625.0,16750.0,11576.92308,11076.92308,17303.84615,13192.30769,13826.92308,15538.46154,13096.15385,14884.61538,15250.0,15500.0,12384.61538,11826.92308,18500.0,15923.07692,13153.84615,21250.0,17500.0,14875.0,,,,,,,,,,,,,,14596.15385,,13769.23077,,14057.69231,,13192.30769,,,,,,18038.46154,16250.0,13875.0,13778.84615,12250.0,20000.0,17153.84615,14625.0,15000.0,13250.0,,,,,,,,,19307.69231,16303.84615,20307.69231,17303.84615,,,,,12884.61538,12619.23077,13923.07692,13826.92308,17450.0,16480.76923,18450.0,17480.76923,,,11392.30769,12934.61538,12238.46154,13984.61538
Q3-2018,12750.0,14144.23077,,,16538.46154,11250.0,12586.53846,,12634.61538,19500.0,,14375.0,14125.0,13000.0,14057.69231,16750.0,11865.38462,11365.38462,19065.38462,13115.38462,13796.15385,16538.46154,12586.53846,14230.76923,15250.0,15076.92308,12615.38462,12115.38462,18519.23077,14990.38462,13500.0,21250.0,17500.0,14875.0,,,,,,,,,,,,,,15019.23077,,14019.23077,,13865.38462,,13115.38462,,,,,,18653.84615,16250.0,13875.0,13750.0,12250.0,20153.84615,17250.0,14625.0,14923.07692,13250.0,,,,,,,,,22115.38462,18065.38462,23115.38462,19065.38462,,,,,13826.92308,12496.15385,15115.38462,13796.15385,19946.15385,18726.92308,20946.15385,19726.92308,,,11807.69231,12615.38462,13000.0,13984.61538
Q4-2018,12750.0,14250.0,,,20942.30769,11634.61538,12971.15385,,13307.69231,19500.0,,14375.0,14125.0,13000.0,15961.53846,16750.0,12346.15385,12019.23077,16250.0,12538.46154,13230.76923,20942.30769,12971.15385,14230.76923,15250.0,15000.0,13096.15385,12769.23077,22961.53846,17625.0,14201.92308,21250.0,17500.0,14875.0,,,,,,,,,,,,,,14288.46154,,13538.46154,,13365.38462,,12538.46154,,,,,,20538.46154,16307.69231,13875.0,13884.61538,12250.0,22038.46154,17250.0,14625.0,14615.38462,13250.0,,,,,,,,,18423.07692,15250.0,19423.07692,16250.0,,,,,13769.23077,11926.92308,15711.53846,13230.76923,17096.15385,16173.07692,18103.84615,17173.07692,,,11711.53846,12615.38462,13288.46154,13930.76923
Q1-2019,12750.0,14461.53846,,,23538.46154,12538.46154,13673.07692,,14644.23077,20846.15385,,14375.0,14269.23077,13000.0,18461.53846,17317.30769,10634.61538,10634.61538,12961.53846,10644.23077,11796.15385,23538.46154,13673.07692,15028.84615,15653.84615,15423.07692,11307.69231,11307.69231,25576.92308,21403.84615,15596.15385,23365.38462,19461.53846,14884.61538,,,,,,,,,,,,,,11363.46154,,10746.15385,,11350.0,,10644.23077,,,,,,21750.0,18019.23077,14000.0,14461.53846,12384.61538,23807.69231,20326.92308,14913.46154,15711.53846,13250.0,24825.0,20825.0,16037.5,,,,,,14500.0,11961.53846,15500.0,12961.53846,,,,,11000.0,10553.84615,12923.07692,11796.15385,12923.07692,12019.23077,13923.07692,13019.23077,,,10173.07692,11376.92308,12096.15385,12788.46154
Q2-2019,12750.0,14500.0,,,23173.07692,13000.0,14115.38462,,15461.53846,22384.61538,,14951.92308,14250.0,13000.0,19019.23077,18519.23077,9798.07692,9682.69231,14461.53846,10201.92308,11876.92308,23173.07692,14115.38462,16423.07692,15846.15385,15596.15385,10682.69231,10519.23077,25442.30769,22250.0,16923.07692,24538.46154,20519.23077,15826.92308,,,27785.71429,25714.28571,23250.0,21250.0,18178.57143,17125.0,17428.57143,16000.0,16678.57143,,,11067.30769,,10298.07692,,11278.84615,,10201.92308,,,,,,23134.61538,19346.15385,15288.46154,14519.23077,12500.0,24807.69231,22038.46154,16278.84615,16230.76923,13250.0,26134.61538,21846.15385,17288.46154,,,,,,16173.07692,13461.53846,17173.07692,14461.53846,,,,,11903.84615,10784.61538,13307.69231,11876.92308,14038.46154,13076.92308,15038.46154,14076.92308,,,9730.76923,11161.53846,11711.53846,12265.38462
Q3-2019,13019.23077,14461.53846,,,25038.46154,13644.23077,14855.76923,,17211.53846,22788.46154,,15086.53846,14201.92308,12903.84615,19192.30769,18701.92308,9951.92308,9673.07692,18750.0,11442.30769,14234.61538,25038.46154,14855.76923,16701.92308,16317.30769,15750.0,11096.15385,10942.30769,27461.53846,22038.46154,18826.92308,25269.23077,20605.76923,16250.0,25000.0,22181.81818,28269.23077,25788.46154,23105.76923,21201.92308,18250.0,17086.53846,17817.30769,15961.53846,16750.0,,,14163.46154,18178.57143,12744.23077,15250.0,12780.76923,15178.57143,11192.30769,13214.28571,,,,,23875.0,19403.84615,15500.0,14923.07692,13201.92308,26009.61538,22153.84615,16971.15385,17000.0,13807.69231,26875.0,21903.84615,17500.0,,,,,,22980.76923,17769.23077,23980.76923,18750.0,26250.0,21142.85714,,,14230.76923,12980.76923,15653.84615,14234.61538,16519.23077,14807.69231,17519.23077,15807.69231,19464.28571,17750.0,11538.46154,12769.23077,13038.46154,14188.46154
Q4-2019,13230.76923,15432.69231,,,34846.15385,14519.23077,16086.53846,,19221.15385,28673.07692,,16519.23077,14932.69231,12865.38462,25846.15385,20817.30769,9682.69231,9682.69231,16019.23077,10057.69231,12469.23077,34846.15385,16086.53846,17519.23077,16807.69231,16326.92308,11115.38462,11115.38462,38403.84615,28961.53846,21096.15385,33903.84615,23028.84615,17865.38462,31961.53846,28846.15385,36903.84615,31673.07692,25528.84615,23317.30769,19865.38462,18519.23077,18307.69231,16932.69231,17326.92308,,,12244.23077,14846.15385,11125.0,12480.76923,11778.84615,13298.07692,10057.69231,11653.84615,,,,,31317.30769,23461.53846,17009.61538,15634.61538,13711.53846,34875.0,24942.30769,18442.30769,17201.92308,14567.30769,34317.30769,25961.53846,19009.61538,,,,,,19019.23077,15038.46154,20019.23077,16019.23077,22019.23077,18000.0,,,12519.23077,11046.15385,13750.0,12469.23077,14769.23077,13423.07692,15769.23077,14423.07692,17769.23077,16403.84615,10807.69231,11915.38462,12096.15385,13103.84615
Q1-2020,13250.0,14807.69231,,,33557.69231,14134.61538,16038.46154,,18317.30769,28269.23077,,16528.84615,14846.15385,12875.0,24980.76923,20538.46154,9355.76923,9384.61538,12615.38462,8890.38462,10626.92308,33557.69231,16038.46154,17567.30769,16423.07692,16067.30769,10980.76923,11307.69231,36269.23077,27692.30769,20057.69231,31923.07692,23557.69231,17951.92308,30692.30769,27980.76923,34615.38462,30961.53846,26057.69231,23038.46154,19951.92308,18528.84615,17923.07692,16307.69231,17067.30769,39925.0,37600.0,9990.38462,13028.84615,8688.46154,11038.46154,10750.0,12413.46154,8890.38462,10576.92308,,,,,29846.15385,22653.84615,17365.38462,15269.23077,13519.23077,32615.38462,25346.15385,19028.84615,16798.07692,14317.30769,32846.15385,25153.84615,19365.38462,,,,,,14307.69231,11615.38462,15307.69231,12615.38462,17384.61538,14692.30769,,,11076.92308,9430.76923,12500.0,10626.92308,12769.23077,11846.15385,13769.23077,12846.15385,15769.23077,14846.15385,10130.76923,10396.15385,11253.84615,11661.53846
Q2-2020,13480.76923,15442.30769,,,36384.61538,14326.92308,15807.69231,,20471.15385,28942.30769,,16519.23077,15009.61538,12875.0,29269.23077,23615.38462,9250.0,9355.76923,12038.46154,8192.30769,10246.15385,36384.61538,15807.69231,16721.15385,16586.53846,15951.92308,10875.0,11461.53846,40923.07692,31384.61538,21884.61538,31557.69231,25846.15385,17769.23077,33461.53846,31346.15385,33750.0,31134.61538,27730.76923,25500.0,19153.84615,17903.84615,17778.84615,16634.61538,16951.92308,43692.30769,39153.84615,9394.23077,11730.76923,7884.61538,10471.15385,9548.07692,11711.53846,8192.30769,9932.69231,20046.875,16265.625,21593.75,17234.375,30961.53846,24730.76923,17663.46154,15596.15385,13750.0,33923.07692,26807.69231,19144.23077,16798.07692,14596.15385,33423.07692,26692.30769,19125.0,,,,,,13250.0,11038.46154,14250.0,12038.46154,16019.23077,13730.76923,,,9503.84615,8738.46154,10769.23077,10246.15385,12576.92308,11730.76923,13576.92308,12807.69231,15269.23077,14403.84615,9192.30769,9942.30769,10500.0,11242.30769
Q3-2020,13500.0,15134.61538,,,23423.07692,12326.92308,13519.23077,,14951.92308,26000.0,,16250.0,15096.15385,12875.0,20653.84615,23750.0,9250.0,9250.0,14788.46154,9500.0,12357.69231,23423.07692,13519.23077,14576.92308,16076.92308,15846.15385,10875.0,11057.69231,26923.07692,21807.69231,15875.0,29250.0,25000.0,17500.0,23307.69231,22153.84615,31250.0,28000.0,26500.0,25250.0,18500.0,17250.0,17076.92308,16134.61538,16846.15385,28923.07692,25423.07692,11028.84615,14423.07692,9730.76923,13067.30769,10750.0,13192.30769,9500.0,11163.46154,15951.92308,14519.23077,16875.0,15576.92308,26250.0,23250.0,16750.0,14750.0,13500.0,30000.0,24500.0,17750.0,16000.0,14250.0,28250.0,24750.0,17750.0,,,,,,18115.38462,13788.46154,19115.38462,14788.46154,20615.38462,16288.46154,,,12865.38462,10930.76923,14096.15385,12357.69231,14423.07692,13173.07692,15423.07692,14096.15385,16923.07692,15596.15385,10792.30769,11019.23077,12257.69231,12346.15385
Q4-2020,13365.38462,14336.53846,,,18230.76923,11192.30769,12394.23077,,13932.69231,21211.53846,,15855.76923,14682.69231,12740.38462,17730.76923,21173.07692,9173.07692,9250.0,13634.61538,9278.84615,11619.23077,18230.76923,12394.23077,13932.69231,15182.69231,15509.61538,10644.23077,10548.07692,20096.15385,19365.38462,15221.15385,24057.69231,23115.38462,17067.30769,20846.15385,19211.53846,26057.69231,23211.53846,24596.15385,22653.84615,18067.30769,16855.76923,16144.23077,15298.07692,16471.15385,22096.15385,20230.76923,10605.76923,14403.84615,9500.0,12634.61538,10490.38462,12750.0,9278.84615,11134.61538,14932.69231,13355.76923,16221.15385,14894.23077,20971.15385,20596.15385,16355.76923,14125.0,13365.38462,23259.61538,21846.15385,17355.76923,15163.46154,14115.38462,22971.15385,21923.07692,17355.76923,,,,,,15711.53846,12634.61538,16711.53846,13634.61538,18250.0,15134.61538,19250.0,16812.5,11342.30769,10350.0,12576.92308,11619.23077,13615.38462,12557.69231,14615.38462,13557.69231,16115.38462,15000.0,10092.30769,10657.69231,11246.15385,11830.76923
Q1-2021,13250.0,13509.61538,,,16490.38462,11000.0,12317.30769,,13278.84615,20750.0,,15625.0,13548.07692,12625.0,16480.76923,20519.23077,10586.53846,9711.53846,17134.61538,13211.53846,15957.69231,16490.38462,12317.30769,14163.46154,14769.23077,14894.23077,12240.38462,11269.23077,19500.0,18788.46154,14509.61538,23250.0,21596.15385,16750.0,20038.46154,17730.76923,25250.0,22750.0,22846.15385,21769.23077,17750.0,16625.0,15288.46154,14028.84615,15413.46154,22000.0,18990.38462,17625.0,21096.15385,15586.53846,18634.61538,14942.30769,17000.0,13211.53846,15096.15385,14278.84615,12817.30769,15509.61538,14663.46154,20250.0,19250.0,16125.0,13490.38462,13250.0,22480.76923,20250.0,17125.0,14759.61538,14000.0,22250.0,20500.0,17125.0,,,,,,19480.76923,16134.61538,20480.76923,17134.61538,21980.76923,18634.61538,23480.76923,20134.61538,15238.46154,14211.53846,17253.84615,15957.69231,15923.07692,14807.69231,16923.07692,15807.69231,18423.07692,17307.69231,11684.61538,12400.0,13515.38462,13684.61538
Q2-2021,13250.0,13500.0,,,17307.69231,10951.92308,12701.92308,,14211.53846,20750.0,,15625.0,13615.38462,12625.0,17105.76923,20500.0,13153.84615,10451.92308,25692.30769,18942.30769,23461.53846,17307.69231,12701.92308,14576.92308,15346.15385,15211.53846,15250.0,11884.61538,20000.0,20432.69231,15250.0,24500.0,21500.0,16750.0,21682.69231,18355.76923,26500.0,22750.0,22750.0,21750.0,17750.0,16625.0,16096.15385,14250.0,15961.53846,22500.0,19807.69231,29230.76923,29961.53846,26557.69231,27653.84615,21980.76923,22394.23077,18942.30769,19548.07692,15211.53846,13201.92308,16250.0,15076.92308,20250.0,19250.0,16125.0,13538.46154,13240.38462,25000.0,21500.0,17125.0,15259.61538,13990.38462,22250.0,20500.0,17125.0,,,,,,27057.69231,24000.0,28750.0,25692.30769,30307.69231,27192.30769,31807.69231,28692.30769,22080.76923,21230.76923,24050.0,23461.53846,20884.61538,19942.30769,22576.92308,21576.92308,24076.92308,23076.92308,14434.61538,14369.23077,16461.53846,16226.15385
Q3-2021,12711.53846,13500.0,,,16250.0,10278.84615,11980.76923,,13250.0,20750.0,,15625.0,13846.15385,12625.0,16307.69231,20500.0,17692.30769,10769.23077,28519.23077,26211.53846,28057.69231,16250.0,11980.76923,14000.0,15298.07692,15673.07692,19807.69231,12903.84615,19750.0,20230.76923,14500.0,24500.0,21500.0,16750.0,21480.76923,17557.69231,26500.0,22750.0,22750.0,21750.0,17750.0,16625.0,16048.07692,14250.0,16423.07692,22250.0,18750.0,37615.38462,41538.46154,34615.38462,38519.23077,29192.30769,31028.84615,26211.53846,27423.07692,14250.0,12480.76923,15500.0,14500.0,20250.0,19250.0,15451.92308,13538.46154,12586.53846,25000.0,21500.0,16932.69231,15153.84615,13336.53846,22250.0,20500.0,16451.92308,,,,,,31461.53846,26519.23077,33384.61538,28519.23077,34884.61538,30019.23077,36384.61538,31769.23077,28923.07692,25538.46154,30788.46154,28057.69231,22326.92308,20653.84615,24326.92308,22653.84615,25673.07692,24153.84615,17615.38462,17346.15385,19600.0,19105.0
Q4-2021,12250.0,13660.71429,,,17535.71429,10946.42857,12696.42857,,13589.28571,20642.85714,,15625.0,13750.0,12625.0,16428.57143,20500.0,16678.57143,11000.0,25732.14286,23232.14286,25571.42857,17535.71429,12696.42857,15142.85714,15633.92857,15625.0,19071.42857,14000.0,21160.71429,19687.5,14580.35714,25410.71429,22098.21429,16750.0,20937.5,17678.57143,27410.71429,22642.85714,23348.21429,21750.0,17750.0,16625.0,16383.92857,14410.71429,16375.0,23660.71429,20035.71429,30375.0,39142.85714,27267.85714,36000.0,26312.5,29660.71429,23232.14286,26535.71429,14589.28571,13196.42857,15580.35714,15642.85714,20142.85714,19250.0,15250.0,13562.5,12125.0,25017.85714,21767.85714,16875.0,15446.42857,13089.28571,22142.85714,20500.0,16250.0,,,,,,28910.71429,22732.14286,31982.14286,25732.14286,33482.14286,27232.14286,34982.14286,28732.14286,25182.14286,23050.0,26964.28571,25571.42857,20696.42857,18482.14286,22625.0,20482.14286,24125.0,21982.14286,16810.71429,16075.0,18650.0,17846.42857
Q1-2022,12250.0,13791.66667,,,17687.5,11000.0,12927.08333,,14250.0,19822.91667,,15625.0,13791.66667,12625.0,17000.0,20500.0,17927.08333,11000.0,25083.33333,25125.0,26287.5,17687.5,12927.08333,15260.41667,15791.66667,15645.83333,20520.83333,14125.0,20895.83333,20291.66667,16041.66667,22833.33333,21750.0,17000.0,22041.66667,18750.0,26333.33333,23322.91667,23750.0,22500.0,18000.0,16625.0,16541.66667,14541.66667,16395.83333,23895.83333,20687.5,31416.66667,31750.0,28166.66667,28187.5,28437.5,29072.91667,25125.0,25416.66667,15250.0,13614.58333,17041.66667,15947.91667,18791.66667,18437.5,15250.0,13718.75,12125.0,20520.83333,21083.33333,16875.0,15572.91667,13375.0,21791.66667,20250.0,16375.0,,,,,,26541.66667,23083.33333,28541.66667,25083.33333,30041.66667,26583.33333,31541.66667,28083.33333,25166.66667,24033.33333,27000.0,26287.5,20791.66667,19604.16667,22541.66667,21354.16667,24041.66667,22854.16667,17500.0,16433.33333,19333.33333,18379.16667
Q2-2022,12538.46154,14567.30769,,,20346.15385,13634.61538,17288.46154,,18788.46154,20038.46154,,16000.0,14567.30769,12807.69231,23346.15385,22134.61538,17653.84615,11000.0,26788.46154,25730.76923,27642.30769,20346.15385,17288.46154,20048.07692,17548.07692,16692.30769,20230.76923,14346.15385,25846.15385,27038.46154,21230.76923,23980.76923,24451.92308,17423.07692,29000.0,25307.69231,27057.69231,23115.38462,26451.92308,24134.61538,18846.15385,17423.07692,18971.15385,15990.38462,18115.38462,29692.30769,24192.30769,34384.61538,32076.92308,31500.0,28923.07692,29038.46154,28846.15385,25730.76923,25576.92308,20634.61538,19096.15385,23076.92308,21855.76923,19730.76923,21211.53846,16461.53846,15807.69231,12769.23077,22903.84615,24663.46154,18211.53846,18230.76923,14201.92308,23153.84615,23211.53846,17961.53846,,,,,,27538.46154,24557.69231,29769.23077,26788.46154,31269.23077,28288.46154,32769.23077,29788.46154,26750.0,25211.53846,28703.84615,27642.30769,22000.0,20923.07692,24000.0,22942.30769,25500.0,24442.30769,16915.38462,17607.69231,18884.61538,19057.69231
Q3-2022,16000.0,15678.57143,,,27107.14286,21500.0,22946.42857,,27375.0,22928.57143,,22428.57143,15000.0,15000.0,29357.14286,24785.71429,13294.64286,11000.0,14910.71429,16589.28571,17785.71429,27107.14286,22946.42857,27357.14286,20785.71429,18321.42857,15142.85714,14160.71429,32267.85714,33821.42857,30892.85714,29660.71429,29428.57143,24678.57143,36107.14286,31642.85714,33053.57143,26321.42857,31428.57143,26785.71429,26178.57143,23928.57143,22785.71429,17678.57143,20321.42857,36267.85714,31107.14286,22482.14286,21375.0,20142.85714,19428.57143,18955.35714,18482.14286,16589.28571,16232.14286,29375.0,24946.42857,32892.85714,29357.14286,23392.85714,27589.28571,24339.28571,18678.57143,17000.0,29214.28571,32000.0,27375.0,22571.42857,19000.0,26892.85714,29589.28571,25839.28571,20788.46154,32961.53846,34288.46154,29173.07692,24653.84615,16875.0,12910.71429,18875.0,14910.71429,20375.0,16410.71429,21875.0,17910.71429,16535.71429,15992.85714,18053.57143,17785.71429,15053.57143,13696.42857,17053.57143,15696.42857,18553.57143,17196.42857,12675.0,13807.14286,14446.42857,15189.28571
Q4-2022,16307.69231,20307.69231,,,39615.38462,24153.84615,28346.15385,,39519.23077,27461.53846,,27115.38462,16923.07692,15230.76923,36461.53846,26500.0,11538.46154,11596.15385,12230.76923,12807.69231,15430.76923,39615.38462,28346.15385,33269.23077,23923.07692,20230.76923,13307.69231,13923.07692,45000.0,47480.76923,44038.46154,32365.38462,33153.84615,29769.23077,50480.76923,39461.53846,35865.38462,30961.53846,35153.84615,28500.0,31423.07692,28769.23077,25923.07692,22307.69231,22230.76923,49000.0,43615.38462,14903.84615,17884.61538,13576.92308,15961.53846,14846.15385,16519.23077,12807.69231,14413.46154,41826.92308,30500.0,46346.15385,35423.07692,31192.30769,29500.0,31673.07692,23576.92308,21115.38462,36615.38462,36288.46154,36346.15385,26615.38462,23769.23077,34692.30769,31500.0,34326.92308,25961.53846,40115.38462,38288.46154,39000.0,29000.0,14576.92308,10230.76923,16576.92308,12230.76923,18076.92308,13730.76923,19576.92308,15230.76923,15315.38462,14088.46154,17011.53846,15430.76923,13000.0,11442.30769,15000.0,13442.30769,16500.0,14942.30769,11800.0,12982.69231,13415.38462,14048.07692
Q1-2023,18000.0,21692.30769,,,40384.61538,26153.84615,28307.69231,,36576.92308,30384.61538,,28500.0,17500.0,16500.0,45730.76923,27192.30769,12644.23077,12269.23077,15230.76923,13778.84615,15865.38462,40384.61538,28307.69231,32846.15385,24884.61538,20750.0,14673.07692,13942.30769,47269.23077,52173.07692,41807.69231,33750.0,35961.53846,31500.0,55173.07692,48730.76923,37250.0,33884.61538,37961.53846,29192.30769,33500.0,30500.0,26884.61538,23692.30769,22750.0,51269.23077,44384.61538,14653.84615,15980.76923,13250.0,14807.69231,15721.15385,16875.0,13778.84615,15057.69231,39576.92308,30807.69231,44807.69231,35346.15385,34096.15385,30423.07692,33480.76923,24884.61538,24365.38462,40057.69231,39519.23077,38500.0,28846.15385,27576.92308,37596.15385,32423.07692,36480.76923,27384.61538,43557.69231,41519.23077,41500.0,31346.15385,16346.15385,13230.76923,18346.15385,15230.76923,19846.15385,16730.76923,21346.15385,18230.76923,14634.61538,14326.92308,16923.07692,15865.38462,14826.92308,13730.76923,16826.92308,15730.76923,18230.76923,17326.92308,11715.38462,13365.38462,14253.84615,14365.38462
Q2-2023,17769.23077,23711.53846,,,40500.0,24711.53846,27653.84615,,34019.23077,31692.30769,,25576.92308,17500.0,16153.84615,45192.30769,29269.23077,12396.15385,12500.0,15961.53846,12892.30769,15126.92308,40500.0,27653.84615,30557.69231,24711.53846,20692.30769,14607.69231,14384.61538,47576.92308,50480.76923,39000.0,35576.92308,36269.23077,28634.61538,53480.76923,48192.30769,38807.69231,34923.07692,38269.23077,31269.23077,30634.61538,27576.92308,26711.53846,25711.53846,22692.30769,51307.69231,44230.76923,14507.69231,16911.53846,13200.0,15469.23077,14892.30769,15873.07692,12892.30769,14180.76923,37019.23077,30153.84615,42000.0,33057.69231,36038.46154,33500.0,31288.46154,26153.84615,23307.69231,41230.76923,41615.38462,36480.76923,28211.53846,25538.46154,39269.23077,35500.0,34288.46154,28653.84615,44461.53846,43615.38462,39480.76923,30711.53846,17269.23077,13961.53846,19269.23077,15961.53846,20769.23077,17461.53846,22269.23077,18961.53846,14576.92308,13696.15385,16250.0,15126.92308,15269.23077,14153.84615,17269.23077,16153.84615,18769.23077,17653.84615,11426.92308,12953.84615,13765.38462,14000.0
Q3-2023,17750.0,21384.61538,,,39384.61538,22961.53846,25250.0,,28750.0,32153.84615,,24326.92308,17576.92308,16000.0,38807.69231,29250.0,11288.46154,12038.46154,13538.46154,11201.92308,13194.23077,39384.61538,25250.0,27557.69231,24115.38462,21903.84615,13365.38462,14480.76923,43365.38462,43653.84615,33557.69231,35500.0,35730.76923,27365.38462,46653.84615,41807.69231,38500.0,35153.84615,37730.76923,31250.0,29057.69231,26019.23077,25807.69231,23076.92308,23596.15385,46865.38462,42884.61538,13176.92308,15221.15385,11182.69231,13307.69231,13057.69231,14288.46154,11201.92308,12384.61538,31134.61538,27134.61538,35942.30769,29442.30769,36259.61538,33500.0,27807.69231,23692.30769,22500.0,40000.0,40576.92308,32384.61538,26096.15385,24500.0,39259.61538,35500.0,30192.30769,25576.92308,43000.0,42576.92308,34769.23077,27980.76923,15711.53846,12384.61538,16788.46154,13538.46154,18365.38462,15038.46154,19826.92308,16500.0,12211.53846,12030.76923,14211.53846,13194.23077,14846.15385,13480.76923,15923.07692,14557.69231,17423.07692,16057.69231,10530.76923,11361.53846,12530.76923,12473.07692
Q4-2023,17519.23077,21346.15385,,,42019.23077,25961.53846,26115.38462,,31480.76923,33384.61538,,26346.15385,18000.0,16000.0,39057.69231,30692.30769,11788.46154,11846.15385,16326.92308,12230.76923,14507.69231,42019.23077,26115.38462,29288.46154,25365.38462,22500.0,14163.46154,14576.92308,45461.53846,44365.38462,34480.76923,36269.23077,37000.0,28769.23077,47365.38462,42057.69231,39269.23077,36384.61538,39000.0,32692.30769,30269.23077,27846.15385,26865.38462,22846.15385,24000.0,48961.53846,45519.23077,13692.30769,18615.38462,12000.0,16384.61538,13971.15385,16365.38462,12230.76923,14355.76923,33480.76923,27615.38462,36480.76923,30788.46154,35480.76923,34557.69231,29615.38462,23500.0,23423.07692,38230.76923,40961.53846,33346.15385,26653.84615,25307.69231,38480.76923,36557.69231,31615.38462,25000.0,41230.76923,42961.53846,35346.15385,28153.84615,20826.92308,15250.0,21826.92308,16326.92308,23403.84615,17826.92308,24826.92308,19250.0,13646.15385,13165.38462,15538.46154,14507.69231,17269.23077,15230.76923,18269.23077,16230.76923,19769.23077,17730.76923,11480.76923,11888.46154,13426.92308,13123.07692
Q1-2024,17500.0,24153.84615,,,42903.84615,27230.76923,28750.0,,36826.92308,35326.92308,,28846.15385,18000.0,16000.0,43230.76923,35000.0,12634.61538,12134.61538,23711.53846,14326.92308,16680.76923,42903.84615,28750.0,31980.76923,26615.38462,22846.15385,14884.61538,14750.0,46980.76923,48596.15385,40769.23077,38423.07692,40057.69231,30576.92308,51596.15385,46230.76923,41423.07692,38326.92308,42057.69231,37000.0,32076.92308,30346.15385,28115.38462,25653.84615,24346.15385,50480.76923,46403.84615,16557.69231,20807.69231,14326.92308,17509.61538,16423.07692,18596.15385,14326.92308,15876.92308,38826.92308,30250.0,42769.23077,33480.76923,36211.53846,38442.30769,32326.92308,26576.92308,23826.92308,40346.15385,43076.92308,35692.30769,29250.0,25826.92308,39211.53846,40442.30769,34326.92308,28076.92308,43346.15385,45076.92308,37692.30769,30750.0,27653.84615,22711.53846,28653.84615,23711.53846,30153.84615,25211.53846,31653.84615,26711.53846,16100.0,15180.76923,18100.0,16680.76923,21442.30769,19788.46154,22442.30769,20788.46154,23942.30769,22288.46154,12776.92308,12573.07692,14776.92308,13965.38462
Q2-2024,17846.15385,25211.53846,,,43346.15385,27788.46154,30346.15385,,37384.61538,37326.92308,,30230.76923,18269.23077,16423.07692,47307.69231,36788.46154,12750.0,12250.0,24192.30769,15721.15385,17269.23077,43346.15385,30346.15385,33576.92308,27538.46154,23365.38462,15000.0,14788.46154,47480.76923,51961.53846,42269.23077,39076.92308,41615.38462,34961.53846,54961.53846,50307.69231,42076.92308,40326.92308,43615.38462,38788.46154,36461.53846,31730.76923,29038.46154,26711.53846,24865.38462,50980.76923,46846.15385,18096.15385,19461.53846,16288.46154,16730.76923,17384.61538,17846.15385,15721.15385,16057.69231,39384.61538,31846.15385,44269.23077,35076.92308,37057.69231,40153.84615,34461.53846,27250.0,24673.07692,41365.38462,43961.53846,37538.46154,30490.38462,26673.07692,40057.69231,42153.84615,36461.53846,28750.0,44365.38462,45961.53846,39538.46154,31990.38462,27384.61538,23192.30769,28384.61538,24192.30769,29884.61538,25692.30769,31384.61538,27153.84615,16288.46154,15653.84615,18288.46154,17269.23077,22153.84615,20615.38462,23153.84615,21615.38462,24653.84615,23115.38462,13619.23077,12869.23077,15619.23077,14369.23077
Q3-2024,22173.07692,24846.15385,,,41153.84615,27519.23077,28230.76923,,36307.69231,37403.84615,,31076.92308,18423.07692,18750.0,42307.69231,37326.92308,13153.84615,12250.0,22515.38462,14903.84615,16326.92308,41153.84615,28230.76923,31538.46154,27538.46154,24019.23077,15807.69231,15134.61538,45673.07692,46653.84615,39730.76923,39192.30769,41153.84615,34788.46154,49153.84615,44807.69231,42192.30769,40403.84615,43653.84615,39826.92308,36038.46154,32326.92308,28788.46154,26096.15385,25019.23077,48673.07692,44153.84615,17451.92308,18346.15385,15480.76923,16480.76923,16519.23077,17738.46154,14903.84615,15903.84615,38307.69231,29480.76923,41730.76923,32788.46154,39423.07692,40000.0,33826.92308,26000.0,24750.0,42750.0,43750.0,36788.46154,29326.92308,26750.0,42423.07692,42500.0,35826.92308,27250.0,45750.0,46250.0,38788.46154,30576.92308,26938.46154,21515.38462,27938.46154,22515.38462,29438.46154,24015.38462,30938.46154,25553.84615,15092.30769,14753.84615,17092.30769,16326.92308,22542.30769,20696.15385,23542.30769,21696.15385,25042.30769,23196.15385,12576.92308,13007.69231,14561.53846,14442.30769
Q4-2024,20730.76923,21307.69231,,,37269.23077,22230.76923,23028.84615,,25788.46154,34230.76923,,24269.23077,18442.30769,18134.61538,35403.84615,33250.0,13211.53846,12903.84615,19438.46154,13326.92308,14350.0,37269.23077,23028.84615,25076.92308,23326.92308,21211.53846,15096.15385,14903.84615,40788.46154,38461.53846,27480.76923,36653.84615,35461.53846,25932.69231,40961.53846,37903.84615,39653.84615,37230.76923,37961.53846,35750.0,27182.69231,25519.23077,24576.92308,22557.69231,22211.53846,43788.46154,40269.23077,14596.15385,15442.30769,13576.92308,14615.38462,14423.07692,14961.53846,13326.92308,14096.15385,27788.46154,24278.84615,29480.76923,26326.92308,35769.23077,34557.69231,25105.76923,22211.53846,21807.69231,38134.61538,37076.92308,26903.84615,24509.61538,23740.38462,38769.23077,37057.69231,27105.76923,23461.53846,41134.61538,39576.92308,28903.84615,25759.61538,22165.38462,18438.46154,23165.38462,19438.46154,24511.53846,20784.61538,25850.0,22123.07692,12480.76923,12953.84615,14326.92308,14350.0,19888.46154,18584.61538,20888.46154,19584.61538,22234.61538,20930.76923,11288.46154,11561.53846,13230.76923,13569.23077
Q1-2025,17730.76923,18288.46154,,,30653.84615,18403.84615,19461.53846,,20903.84615,28692.30769,,19423.07692,17076.92308,16230.76923,29057.69231,27740.38462,12596.15385,12596.15385,19246.15385,11673.07692,12788.46154,30653.84615,19461.53846,21500.0,20384.61538,19250.0,13730.76923,13730.76923,34653.84615,31519.23077,24480.76923,32807.69231,30057.69231,21500.0,33942.30769,31480.76923,35750.0,31634.61538,32500.0,30182.69231,22730.76923,20653.84615,21615.38462,19519.23077,20250.0,37576.92308,33576.92308,12500.0,12923.07692,11307.69231,11807.69231,13076.92308,13230.76923,11673.07692,12019.23077,22826.92308,20673.07692,26403.84615,22711.53846,29423.07692,28211.53846,20423.07692,18557.69231,17980.76923,33634.61538,30769.23077,22500.0,20586.53846,19653.84615,32365.38462,30653.84615,22346.15385,19788.46154,36576.92308,33211.53846,24423.07692,21817.30769,21600.0,18246.15385,22600.0,19246.15385,23676.92308,20323.07692,25453.84615,22100.0,12207.69231,11596.15385,14207.69231,12788.46154,19023.07692,17834.61538,20023.07692,18834.61538,21100.0,19911.53846,11026.92308,10230.76923,13334.61538,12346.15385
Q2-2025,16538.46154,17480.76923,,,30826.92308,17653.84615,19000.0,,20846.15385,28500.0,,18500.0,16750.0,15653.84615,27711.53846,24903.84615,12211.53846,12750.0,18434.61538,11596.15385,12769.23077,30826.92308,19000.0,20923.07692,18961.53846,18490.38462,13538.46154,14000.0,35000.0,31019.23077,24730.76923,32692.30769,29096.15385,21500.0,32519.23077,29211.53846,34942.30769,30750.0,30846.15385,26653.84615,22500.0,19500.0,19961.53846,18480.76923,19490.38462,37000.0,32826.92308,13423.07692,13442.30769,12076.92308,12096.15385,13269.23077,13211.53846,11596.15385,11461.53846,21846.15385,19750.0,25730.76923,21673.07692,29250.0,26365.38462,19500.0,18173.07692,17288.46154,33384.61538,30096.15385,22500.0,19692.30769,19269.23077,31500.0,28115.38462,20500.0,19173.07692,35634.61538,31846.15385,23500.0,20692.30769,21207.69231,17434.61538,22207.69231,18434.61538,23207.69231,19434.61538,24407.69231,20750.0,11673.07692,11980.76923,13665.38462,12769.23077,18880.76923,17557.69231,19880.76923,18557.69231,20880.76923,19557.69231,9815.38462,11153.84615,12288.46154,12230.76923
Q3-2025,16000.0,17000.0,,,33884.61538,17192.30769,18653.84615,,21500.0,28769.23077,,18500.0,16528.84615,15576.92308,30096.15385,25115.38462,12000.0,12576.92308,22438.46154,12769.23077,14000.0,33884.61538,18653.84615,20778.84615,18509.61538,18125.0,13557.69231,13942.30769,37346.15385,32750.0,24500.0,32461.53846,29096.15385,20538.46154,34250.0,31596.15385,34711.53846,31019.23077,30846.15385,26865.38462,21538.46154,19500.0,19509.61538,18000.0,19125.0,39346.15385,35884.61538,15461.53846,16057.69231,14019.23077,14365.38462,14057.69231,14884.61538,12769.23077,13480.76923,22500.0,19403.84615,25500.0,21528.84615,30211.53846,27596.15385,19115.38462,18000.0,16903.84615,33807.69231,30653.84615,21346.15385,19500.0,18653.84615,32461.53846,29346.15385,20115.38462,19000.0,36057.69231,32403.84615,22346.15385,20500.0,26057.69231,21438.46154,27057.69231,22438.46154,28057.69231,23438.46154,29550.0,24930.76923,13653.84615,13038.46154,15769.23077,14000.0,20796.15385,19296.15385,21796.15385,20296.15385,22796.15385,21296.15385,11346.15385,12269.23077,13346.15385,13269.23077
Q4-2025,16000.0,17153.84615,,,41634.61538,19230.76923,21500.0,,22884.61538,30500.0,,18548.07692,17115.38462,16000.0,33557.69231,26384.61538,12134.61538,12096.15385,23857.69231,13326.92308,15000.0,41634.61538,21500.0,23403.84615,20442.30769,18538.46154,14019.23077,13942.30769,44576.92308,36721.15385,26192.30769,34769.23077,30942.30769,20307.69231,38221.15385,35057.69231,37019.23077,32750.0,32596.15385,28038.46154,21307.69231,19548.07692,21442.30769,18153.84615,19538.46154,46576.92308,43634.61538,15365.38462,17403.84615,14019.23077,15980.76923,14884.61538,16096.15385,13326.92308,14519.23077,23884.61538,22346.15385,27192.30769,24250.0,34346.15385,28692.30769,19076.92308,19346.15385,18384.61538,38923.07692,32692.30769,22000.0,21403.84615,19557.69231,36500.0,30346.15385,20076.92308,20346.15385,41076.92308,34346.15385,23000.0,22403.84615,27746.15385,22857.69231,28746.15385,23857.69231,29746.15385,24857.69231,31001.92308,26117.30769,15261.53846,14019.23077,16815.38462,15000.0,22994.23077,21413.46154,23994.23077,22413.46154,24994.23077,23413.46154,11984.61538,13057.69231,13984.61538,14076.92308
